<?xml version="1.0" encoding="UTF-8"?>
<nf:module xmlns:nf="http://www.NetFPGA.org/NF2_register_system"
           xmlns:xsi="http://www.w3.org/2001/XMLSchema-instance"
           xsi:schemaLocation="http://www.NetFPGA.org/NF2_register_system NF2_register_system.xsd ">

  <nf:name>pipeline</nf:name>
  <nf:prefix>pipe</nf:prefix>
  <nf:location>udp</nf:location>
  <nf:description>Registers for Pipeline control + IMEM/DMEM programming</nf:description>

  <!-- keep 64 like ids; plenty of space -->
  <nf:blocksize>64</nf:blocksize>

  <nf:registers>
    <!-- software regs (RW) -->
    
    <nf:register>
      <nf:name>ctrl</nf:name>
      <nf:description>
        Control bits:
        bit0 run_level,
        bit1 step_req (0->1 pulse),
        bit2 pc_reset_req (0->1 pulse),
        bit3 imem_we_req (0->1 pulse),
        bit4 dmem_en_level,
        bit5 dmem_we_level
      </nf:description>
      <nf:type>generic_software32</nf:type>
    </nf:register>

    <nf:register>
      <nf:name>imem_addr</nf:name>
      <nf:description>I-mem program address (use [8:0])</nf:description>
      <nf:type>generic_software32</nf:type>
    </nf:register>

    <nf:register>
      <nf:name>imem_wdata</nf:name>
      <nf:description>I-mem program write data (32-bit)</nf:description>
      <nf:type>generic_software32</nf:type>
    </nf:register>

    <nf:register>
      <nf:name>dmem_addr</nf:name>
      <nf:description>D-mem Port-B address (use [7:0])</nf:description>
      <nf:type>generic_software32</nf:type>
    </nf:register>

    <nf:register>
      <nf:name>dmem_wdata_lo</nf:name>
      <nf:description>D-mem Port-B write data low 32 bits</nf:description>
      <nf:type>generic_software32</nf:type>
    </nf:register>

    <nf:register>
      <nf:name>dmem_wdata_hi</nf:name>
      <nf:description>D-mem Port-B write data high 32 bits</nf:description>
      <nf:type>generic_software32</nf:type>
    </nf:register>

    <nf:register>
      <nf:name>reserved</nf:name>
      <nf:description>Reserved for future use</nf:description>
      <nf:type>generic_software32</nf:type>
    </nf:register>
    
    <!-- hardware regs (RO) -->
    <nf:register>
      <nf:name>pc_dbg</nf:name>
      <nf:description>PC debug (lower 9 bits valid)</nf:description>
      <nf:type>generic_hardware32</nf:type>
    </nf:register>

    <nf:register>
      <nf:name>if_instr_dbg</nf:name>
      <nf:description>IF/ID instruction debug (32-bit)</nf:description>
      <nf:type>generic_hardware32</nf:type>
    </nf:register>

    <nf:register>
      <nf:name>dmem_rdata_lo</nf:name>
      <nf:description>D-mem Port-B read data low 32 bits</nf:description>
      <nf:type>generic_hardware32</nf:type>
    </nf:register>

    <nf:register>
      <nf:name>dmem_rdata_hi</nf:name>
      <nf:description>D-mem Port-B read data high 32 bits</nf:description>
      <nf:type>generic_hardware32</nf:type>
    </nf:register>

  </nf:registers>
</nf:module>
