#Release 10.1.03 - par K.39 (lin64)
#Copyright (c) 1995-2008 Xilinx, Inc.  All rights reserved.

#Mon Feb 23 18:51:56 2026

#
## NOTE: This file is designed to be imported into a spreadsheet program
# such as Microsoft Excel for viewing, printing and sorting. The |
# character is used as the data field separator. This file is also designed
# to support parsing.
#
#INPUT FILE:       nf2_top.ncd
#OUTPUT FILE:      nf2_top_par_pad.csv
#PART TYPE:        xc2vp50
#SPEED GRADE:      -7
#PACKAGE:          ff1152
#
# Pinout by Pin Number:
# 
# -----,-----,-----,-----,-----,-----,-----,-----,-----,-----,-----,-----,-----,-----,-----,-----,
Pin Number,Signal Name,Pin Usage,Pin Name,Direction,IO Standard,IO Bank Number,Drive (mA),Slew Rate,Termination,IOB Delay,Voltage,Constraint,DCI Value,IO Register,Signal Integrity,
A2,,GTIPAD,RXNPAD11,UNUSED,,,,,,,,,,,,
A3,,GTIPAD,RXPPAD11,UNUSED,,,,,,,,,,,,
A4,,GTOPAD,TXPPAD11,UNUSED,,,,,,,,,,,,
A5,,GTOPAD,TXNPAD11,UNUSED,,,,,,,,,,,,
A6,,GTIPAD,RXNPAD9,UNUSED,,,,,,,,,,,,
A7,,GTIPAD,RXPPAD9,UNUSED,,,,,,,,,,,,
A8,,GTOPAD,TXPPAD9,UNUSED,,,,,,,,,,,,
A9,,GTOPAD,TXNPAD9,UNUSED,,,,,,,,,,,,
A10,,GTIPAD,RXNPAD8,UNUSED,,,,,,,,,,,,
A11,,GTIPAD,RXPPAD8,UNUSED,,,,,,,,,,,,
A12,,GTOPAD,TXPPAD8,UNUSED,,,,,,,,,,,,
A13,,GTOPAD,TXNPAD8,UNUSED,,,,,,,,,,,,
A14,,GTIPAD,RXNPAD7,UNUSED,,,,,,,,,,,,
A15,,GTIPAD,RXPPAD7,UNUSED,,,,,,,,,,,,
A16,,GTOPAD,TXPPAD7,UNUSED,,,,,,,,,,,,
A17,,GTOPAD,TXNPAD7,UNUSED,,,,,,,,,,,,
A18,,GTIPAD,RXNPAD6,UNUSED,,,,,,,,,,,,
A19,,GTIPAD,RXPPAD6,UNUSED,,,,,,,,,,,,
A20,,GTOPAD,TXPPAD6,UNUSED,,,,,,,,,,,,
A21,,GTOPAD,TXNPAD6,UNUSED,,,,,,,,,,,,
A22,,GTIPAD,RXNPAD5,UNUSED,,,,,,,,,,,,
A23,,GTIPAD,RXPPAD5,UNUSED,,,,,,,,,,,,
A24,,GTOPAD,TXPPAD5,UNUSED,,,,,,,,,,,,
A25,,GTOPAD,TXNPAD5,UNUSED,,,,,,,,,,,,
A26,,GTIPAD,RXNPAD4,UNUSED,,,,,,,,,,,,
A27,,GTIPAD,RXPPAD4,UNUSED,,,,,,,,,,,,
A28,,GTOPAD,TXPPAD4,UNUSED,,,,,,,,,,,,
A29,,GTOPAD,TXNPAD4,UNUSED,,,,,,,,,,,,
A30,,GTIPAD,RXNPAD2,UNUSED,,,,,,,,,,,,
A31,,GTIPAD,RXPPAD2,UNUSED,,,,,,,,,,,,
A32,,GTOPAD,TXPPAD2,UNUSED,,,,,,,,,,,,
A33,,GTOPAD,TXNPAD2,UNUSED,,,,,,,,,,,,
AA1,,DIFFM,IO_L60P_3,UNUSED,,3,,,,,,,,,,
AA2,,DIFFS,IO_L54N_3,UNUSED,,3,,,,,,,,,,
AA3,,DIFFS,IO_L52N_3,UNUSED,,3,,,,,,,,,,
AA4,,DIFFM,IO_L52P_3,UNUSED,,3,,,,,,,,,,
AA5,,DIFFS,IO_L49N_3,UNUSED,,3,,,,,,,,,,
AA6,,DIFFM,IO_L49P_3,UNUSED,,3,,,,,,,,,,
AA7,,DIFFS,IO_L47N_3,UNUSED,,3,,,,,,,,,,
AA8,,DIFFM,IO_L47P_3,UNUSED,,3,,,,,,,,,,
AA9,,DIFFS,IO_L44N_3,UNUSED,,3,,,,,,,,,,
AA10,,DIFFM,IO_L44P_3,UNUSED,,3,,,,,,,,,,
AA11,,,VCCO_3,,,3,,,,,any******,,,,,
AA12,,,VCCO_3,,,3,,,,,any******,,,,,
AA13,,,VCCINT,,,,,,,,1.5,,,,,
AA14,,,GND,,,,,,,,,,,,,
AA15,,,GND,,,,,,,,,,,,,
AA16,,,GND,,,,,,,,,,,,,
AA17,,,GND,,,,,,,,,,,,,
AA18,,,GND,,,,,,,,,,,,,
AA19,,,GND,,,,,,,,,,,,,
AA20,,,GND,,,,,,,,,,,,,
AA21,,,GND,,,,,,,,,,,,,
AA22,,,VCCINT,,,,,,,,1.5,,,,,
AA23,,,VCCO_6,,,6,,,,,2.50,,,,,
AA24,,,VCCO_6,,,6,,,,,2.50,,,,,
AA25,,DIFFM,IO_L44P_6,UNUSED,,6,,,,,,,,,,
AA26,,DIFFS,IO_L44N_6,UNUSED,,6,,,,,,,,,,
AA27,,DIFFM,IO_L47P_6,UNUSED,,6,,,,,,,,,,
AA28,,DIFFS,IO_L47N_6,UNUSED,,6,,,,,,,,,,
AA29,,DIFFM,IO_L49P_6,UNUSED,,6,,,,,,,,,,
AA30,sram1_data(9),IOB,IO_L49N_6,BIDIR,LVCMOS25*,6,12,SLOW,NONE**,NONE,,LOCATED,,YES,NONE,
AA31,sram1_data(10),IOB,IO_L52P_6,BIDIR,LVCMOS25*,6,12,SLOW,NONE**,NONE,,LOCATED,,YES,NONE,
AA32,sram1_data(11),IOB,IO_L52N_6,BIDIR,LVCMOS25*,6,12,SLOW,NONE**,NONE,,LOCATED,,YES,NONE,
AA33,sram1_data(12),IOB,IO_L54N_6,BIDIR,LVCMOS25*,6,12,SLOW,NONE**,NONE,,LOCATED,,YES,NONE,
AA34,sram1_data(13),IOB,IO_L60P_6,BIDIR,LVCMOS25*,6,12,SLOW,NONE**,NONE,,LOCATED,,YES,NONE,
AB1,,DIFFS,IO_L51N_3/VREF_3,UNUSED,,3,,,,,,,,,,
AB2,,DIFFM,IO_L54P_3,UNUSED,,3,,,,,,,,,,
AB3,,DIFFS,IO_L48N_3,UNUSED,,3,,,,,,,,,,
AB4,,DIFFM,IO_L48P_3,UNUSED,,3,,,,,,,,,,
AB5,,DIFFS,IO_L46N_3,UNUSED,,3,,,,,,,,,,
AB6,,DIFFM,IO_L46P_3,UNUSED,,3,,,,,,,,,,
AB7,,DIFFS,IO_L41N_3,UNUSED,,3,,,,,,,,,,
AB8,,DIFFM,IO_L41P_3,UNUSED,,3,,,,,,,,,,
AB9,,DIFFS,IO_L38N_3,UNUSED,,3,,,,,,,,,,
AB10,,DIFFM,IO_L38P_3,UNUSED,,3,,,,,,,,,,
AB11,,,VCCO_3,,,3,,,,,any******,,,,,
AB12,,,VCCO_3,,,3,,,,,any******,,,,,
AB13,,,VCCINT,,,,,,,,1.5,,,,,
AB14,,,VCCINT,,,,,,,,1.5,,,,,
AB15,,,VCCINT,,,,,,,,1.5,,,,,
AB16,,,VCCINT,,,,,,,,1.5,,,,,
AB17,,,VCCINT,,,,,,,,1.5,,,,,
AB18,,,VCCINT,,,,,,,,1.5,,,,,
AB19,,,VCCINT,,,,,,,,1.5,,,,,
AB20,,,VCCINT,,,,,,,,1.5,,,,,
AB21,,,VCCINT,,,,,,,,1.5,,,,,
AB22,,,VCCINT,,,,,,,,1.5,,,,,
AB23,,,VCCO_6,,,6,,,,,2.50,,,,,
AB24,,,VCCO_6,,,6,,,,,2.50,,,,,
AB25,,DIFFM,IO_L38P_6,UNUSED,,6,,,,,,,,,,
AB26,,DIFFS,IO_L38N_6,UNUSED,,6,,,,,,,,,,
AB27,,DIFFM,IO_L41P_6,UNUSED,,6,,,,,,,,,,
AB28,,DIFFS,IO_L41N_6,UNUSED,,6,,,,,,,,,,
AB29,,DIFFM,IO_L46P_6,UNUSED,,6,,,,,,,,,,
AB30,sram1_addr(11),IOB,IO_L46N_6,OUTPUT,LVCMOS25*,6,12,SLOW,NONE**,,,LOCATED,,YES,NONE,
AB31,sram1_data(14),IOB,IO_L48P_6,BIDIR,LVCMOS25*,6,12,SLOW,NONE**,NONE,,LOCATED,,YES,NONE,
AB32,sram1_data(15),IOB,IO_L48N_6,BIDIR,LVCMOS25*,6,12,SLOW,NONE**,NONE,,LOCATED,,YES,NONE,
AB33,sram1_data(16),IOB,IO_L54P_6,BIDIR,LVCMOS25*,6,12,SLOW,NONE**,NONE,,LOCATED,,YES,NONE,
AB34,sram1_data(17),IOB,IO_L51N_6/VREF_6,BIDIR,LVCMOS25*,6,12,SLOW,NONE**,NONE,,LOCATED,,YES,NONE,
AC1,,DIFFM,IO_L51P_3,UNUSED,,3,,,,,,,,,,
AC2,,DIFFS,IO_L45N_3/VREF_3,UNUSED,,3,,,,,,,,,,
AC3,,DIFFS,IO_L43N_3,UNUSED,,3,,,,,,,,,,
AC4,,DIFFM,IO_L43P_3,UNUSED,,3,,,,,,,,,,
AC5,,,GND,,,,,,,,,,,,,
AC6,,DIFFS,IO_L40N_3,UNUSED,,3,,,,,,,,,,
AC7,,DIFFM,IO_L40P_3,UNUSED,,3,,,,,,,,,,
AC8,,,GND,,,,,,,,,,,,,
AC9,,DIFFS,IO_L32N_3,UNUSED,,3,,,,,,,,,,
AC10,,DIFFM,IO_L32P_3,UNUSED,,3,,,,,,,,,,
AC11,,,VCCO_3,,,3,,,,,any******,,,,,
AC12,,,VCCINT,,,,,,,,1.5,,,,,
AC13,,,VCCO_4,,,4,,,,,2.50,,,,,
AC14,,,VCCO_4,,,4,,,,,2.50,,,,,
AC15,,,VCCO_4,,,4,,,,,2.50,,,,,
AC16,,,VCCO_4,,,4,,,,,2.50,,,,,
AC17,,,VCCO_4,,,4,,,,,2.50,,,,,
AC18,,,VCCO_5,,,5,,,,,2.50,,,,,
AC19,,,VCCO_5,,,5,,,,,2.50,,,,,
AC20,,,VCCO_5,,,5,,,,,2.50,,,,,
AC21,,,VCCO_5,,,5,,,,,2.50,,,,,
AC22,,,VCCO_5,,,5,,,,,2.50,,,,,
AC23,,,VCCINT,,,,,,,,1.5,,,,,
AC24,,,VCCO_6,,,6,,,,,2.50,,,,,
AC25,,DIFFM,IO_L32P_6,UNUSED,,6,,,,,,,,,,
AC26,,DIFFS,IO_L32N_6,UNUSED,,6,,,,,,,,,,
AC27,,,GND,,,,,,,,,,,,,
AC28,,DIFFM,IO_L40P_6,UNUSED,,6,,,,,,,,,,
AC29,sram1_addr(14),IOB,IO_L40N_6,OUTPUT,LVCMOS25*,6,12,SLOW,NONE**,,,LOCATED,,YES,NONE,
AC30,,,GND,,,,,,,,,,,,,
AC31,sram1_addr(12),IOB,IO_L43P_6,OUTPUT,LVCMOS25*,6,12,SLOW,NONE**,,,LOCATED,,YES,NONE,
AC32,sram1_addr(10),IOB,IO_L43N_6,OUTPUT,LVCMOS25*,6,12,SLOW,NONE**,,,LOCATED,,YES,NONE,
AC33,sram1_addr(13),IOB,IO_L45N_6/VREF_6,OUTPUT,LVCMOS25*,6,12,SLOW,NONE**,,,LOCATED,,YES,NONE,
AC34,sram1_addr(9),IOB,IO_L51P_6,OUTPUT,LVCMOS25*,6,12,SLOW,NONE**,,,LOCATED,,YES,NONE,
AD1,,DIFFS,IO_L42N_3,UNUSED,,3,,,,,,,,,,
AD2,,DIFFM,IO_L45P_3,UNUSED,,3,,,,,,,,,,
AD3,,DIFFS,IO_L39N_3/VREF_3,UNUSED,,3,,,,,,,,,,
AD4,,DIFFM,IO_L39P_3,UNUSED,,3,,,,,,,,,,
AD5,,DIFFS,IO_L37N_3,UNUSED,,3,,,,,,,,,,
AD6,,DIFFM,IO_L37P_3,UNUSED,,3,,,,,,,,,,
AD7,,DIFFS,IO_L35N_3,UNUSED,,3,,,,,,,,,,
AD8,,DIFFM,IO_L35P_3,UNUSED,,3,,,,,,,,,,
AD9,,DIFFS,IO_L20N_3,UNUSED,,3,,,,,,,,,,
AD10,,DIFFM,IO_L20P_3,UNUSED,,3,,,,,,,,,,
AD11,,,VCCINT,,,,,,,,1.5,,,,,
AD12,,,VCCO_4,,,4,,,,,2.50,,,,,
AD13,,,VCCO_4,,,4,,,,,2.50,,,,,
AD14,,,VCCO_4,,,4,,,,,2.50,,,,,
AD15,,,VCCO_4,,,4,,,,,2.50,,,,,
AD16,,DIFFS,IO_L49N_4,UNUSED,,4,,,,,,,,,,
AD17,,DIFFS,IO_L67N_4,UNUSED,,4,,,,,,,,,,
AD18,,DIFFM,IO_L67P_5,UNUSED,,5,,,,,,,,,,
AD19,,DIFFM,IO_L49P_5,UNUSED,,5,,,,,,,,,,
AD20,,,VCCO_5,,,5,,,,,2.50,,,,,
AD21,,,VCCO_5,,,5,,,,,2.50,,,,,
AD22,,,VCCO_5,,,5,,,,,2.50,,,,,
AD23,,,VCCO_5,,,5,,,,,2.50,,,,,
AD24,,,VCCINT,,,,,,,,1.5,,,,,
AD25,,DIFFM,IO_L20P_6,UNUSED,,6,,,,,,,,,,
AD26,,DIFFS,IO_L20N_6,UNUSED,,6,,,,,,,,,,
AD27,,DIFFM,IO_L35P_6,UNUSED,,6,,,,,,,,,,
AD28,,DIFFS,IO_L35N_6,UNUSED,,6,,,,,,,,,,
AD29,sram1_addr(8),IOB,IO_L37P_6,OUTPUT,LVCMOS25*,6,12,SLOW,NONE**,,,LOCATED,,YES,NONE,
AD30,sram1_addr(15),IOB,IO_L37N_6,OUTPUT,LVCMOS25*,6,12,SLOW,NONE**,,,LOCATED,,YES,NONE,
AD31,sram1_addr(16),IOB,IO_L39P_6,OUTPUT,LVCMOS25*,6,12,SLOW,NONE**,,,LOCATED,,YES,NONE,
AD32,sram1_addr(17),IOB,IO_L39N_6/VREF_6,OUTPUT,LVCMOS25*,6,12,SLOW,NONE**,,,LOCATED,,YES,NONE,
AD33,sram1_addr(18),IOB,IO_L45P_6,OUTPUT,LVCMOS25*,6,12,SLOW,NONE**,,,LOCATED,,YES,NONE,
AD34,sram1_addr(19),IOB,IO_L42N_6,OUTPUT,LVCMOS25*,6,12,SLOW,NONE**,,,LOCATED,,NO,NONE,
AE1,,DIFFM,IO_L42P_3,UNUSED,,3,,,,,,,,,,
AE2,,DIFFS,IO_L36N_3,UNUSED,,3,,,,,,,,,,
AE3,,,GND,,,,,,,,,,,,,
AE4,,DIFFS,IO_L34N_3,UNUSED,,3,,,,,,,,,,
AE5,,DIFFM,IO_L34P_3,UNUSED,,3,,,,,,,,,,
AE6,,,VCCO_3,,,3,,,,,any******,,,,,
AE7,,DIFFS,IO_L23N_3,UNUSED,,3,,,,,,,,,,
AE8,,DIFFM,IO_L23P_3,UNUSED,,3,,,,,,,,,,
AE9,,,CCLK,,,,,,,,,,,,,
AE10,,,DONE,,,,,,,,,,,,,
AE11,,DIFFS,IO_L07N_4,UNUSED,,4,,,,,,,,,,
AE12,,DIFFS,IO_L19N_4,UNUSED,,4,,,,,,,,,,
AE13,,DIFFS,IO_L37N_4,UNUSED,,4,,,,,,,,,,
AE14,,DIFFS,IO_L43N_4,UNUSED,,4,,,,,,,,,,
AE15,,DIFFS,IO_L46N_4,UNUSED,,4,,,,,,,,,,
AE16,,DIFFM,IO_L49P_4,UNUSED,,4,,,,,,,,,,
AE17,,DIFFM,IO_L67P_4,UNUSED,,4,,,,,,,,,,
AE18,,DIFFS,IO_L67N_5,UNUSED,,5,,,,,,,,,,
AE19,,DIFFS,IO_L49N_5,UNUSED,,5,,,,,,,,,,
AE20,rgmii_2_rxd(0),IOB,IO_L46P_5,INPUT,LVCMOS25*,5,,,,NONE,,LOCATED,,YES,NONE,
AE21,,DIFFM,IO_L43P_5,UNUSED,,5,,,,,,,,,,
AE22,rgmii_1_txd(0),IOB,IO_L37P_5,OUTPUT,LVCMOS25*,5,12,FAST,NONE**,,,LOCATED,,YES,NONE,
AE23,,DIFFM,IO_L19P_5,UNUSED,,5,,,,,,,,,,
AE24,rgmii_0_txd(2),IOB,IO_L07P_5,OUTPUT,LVCMOS25*,5,12,FAST,NONE**,,,LOCATED,,YES,NONE,
AE25,,,M2,,,,,,,,,,,,,
AE26,,,M1,,,,,,,,,,,,,
AE27,,DIFFM,IO_L23P_6,UNUSED,,6,,,,,,,,,,
AE28,sram1_we,IOB,IO_L23N_6,OUTPUT,LVCMOS25*,6,12,SLOW,NONE**,,,LOCATED,,YES,NONE,
AE29,,,VCCO_6,,,6,,,,,2.50,,,,,
AE30,sram1_zz,IOB,IO_L34P_6,OUTPUT,LVCMOS25*,6,12,SLOW,NONE**,,,LOCATED,,NO,NONE,
AE31,sram1_bw(0),IOB,IO_L34N_6,OUTPUT,LVCMOS25*,6,12,SLOW,NONE**,,,LOCATED,,YES,NONE,
AE32,,,GND,,,,,,,,,,,,,
AE33,sram1_bw(1),IOB,IO_L36N_6,OUTPUT,LVCMOS25*,6,12,SLOW,NONE**,,,LOCATED,,YES,NONE,
AE34,sram1_bw(2),IOB,IO_L42P_6,OUTPUT,LVCMOS25*,6,12,SLOW,NONE**,,,LOCATED,,YES,NONE,
AF1,,,GND,,,,,,,,,,,,,
AF2,,DIFFM,IO_L36P_3,UNUSED,,3,,,,,,,,,,
AF3,,DIFFS,IO_L31N_3,UNUSED,,3,,,,,,,,,,
AF4,,DIFFM,IO_L31P_3,UNUSED,,3,,,,,,,,,,
AF5,,DIFFS,IO_L22N_3,UNUSED,,3,,,,,,,,,,
AF6,,DIFFM,IO_L22P_3,UNUSED,,3,,,,,,,,,,
AF7,,DIFFS,IO_L17N_3,UNUSED,,3,,,,,,,,,,
AF8,,DIFFM,IO_L17P_3,UNUSED,,3,,,,,,,,,,
AF9,,,PWRDWN_B,,,,,,,,,,,,,
AF10,,DIFFM,IO_L05_4/No_Pair,UNUSED,,4,,,,,,,,,,
AF11,,DIFFM,IO_L07P_4/VREF_4,UNUSED,,4,,,,,,,,,,
AF12,,DIFFM,IO_L19P_4,UNUSED,,4,,,,,,,,,,
AF13,,DIFFM,IO_L37P_4,UNUSED,,4,,,,,,,,,,
AF14,debug_data(6),IOB,IO_L43P_4,OUTPUT,LVCMOS25*,4,12,SLOW,NONE**,,,LOCATED,,YES,NONE,
AF15,,DIFFM,IO_L46P_4,UNUSED,,4,,,,,,,,,,
AF16,debug_clk(0),IOB,IO_L55N_4,OUTPUT,LVCMOS25*,4,12,SLOW,NONE**,,,LOCATED,,YES,NONE,
AF17,,DIFFS,IO_L73N_4,UNUSED,,4,,,,,,,,,,
AF18,rgmii_3_tx_ctl,IOB,IO_L73P_5,OUTPUT,LVCMOS25*,5,12,FAST,NONE**,,,LOCATED,,YES,NONE,
AF19,rgmii_3_rxd(0),IOB,IO_L55P_5,INPUT,LVCMOS25*,5,,,,NONE,,LOCATED,,YES,NONE,
AF20,rgmii_2_rxd(1),IOB,IO_L46N_5,INPUT,LVCMOS25*,5,,,,NONE,,LOCATED,,YES,NONE,
AF21,,DIFFS,IO_L43N_5,UNUSED,,5,,,,,,,,,,
AF22,rgmii_1_txd(1),IOB,IO_L37N_5,OUTPUT,LVCMOS25*,5,12,FAST,NONE**,,,LOCATED,,YES,NONE,
AF23,,DIFFS,IO_L19N_5,UNUSED,,5,,,,,,,,,,
AF24,rgmii_0_txd(3),IOB,IO_L07N_5/VREF_5,OUTPUT,LVCMOS25*,5,12,FAST,NONE**,,,LOCATED,,YES,NONE,
AF25,rgmii_0_txc,IOB,IO_L05_5/No_Pair,OUTPUT,LVCMOS25*,5,12,FAST,NONE**,,,LOCATED,,YES,NONE,
AF26,,,M0,,,,,,,,,,,,,
AF27,,DIFFM,IO_L17P_6,UNUSED,,6,,,,,,,,,,
AF28,sram1_bw(3),IOB,IO_L17N_6,OUTPUT,LVCMOS25*,6,12,SLOW,NONE**,,,LOCATED,,YES,NONE,
AF29,sram1_addr(0),IOB,IO_L22P_6,OUTPUT,LVCMOS25*,6,12,SLOW,NONE**,,,LOCATED,,YES,NONE,
AF30,sram1_addr(1),IOB,IO_L22N_6,OUTPUT,LVCMOS25*,6,12,SLOW,NONE**,,,LOCATED,,YES,NONE,
AF31,sram1_addr(2),IOB,IO_L31P_6,OUTPUT,LVCMOS25*,6,12,SLOW,NONE**,,,LOCATED,,YES,NONE,
AF32,sram1_addr(3),IOB,IO_L31N_6,OUTPUT,LVCMOS25*,6,12,SLOW,NONE**,,,LOCATED,,YES,NONE,
AF33,sram1_addr(4),IOB,IO_L36P_6,OUTPUT,LVCMOS25*,6,12,SLOW,NONE**,,,LOCATED,,YES,NONE,
AF34,,,GND,,,,,,,,,,,,,
AG1,,DIFFS,IO_L33N_3/VREF_3,UNUSED,,3,,,,,,,,,,
AG2,,DIFFM,IO_L33P_3,UNUSED,,3,,,,,,,,,,
AG3,,DIFFS,IO_L21N_3/VREF_3,UNUSED,,3,,,,,,,,,,
AG4,,DIFFM,IO_L21P_3,UNUSED,,3,,,,,,,,,,
AG5,,DIFFS,IO_L15N_3/VREF_3,UNUSED,,3,,,,,,,,,,
AG6,,DIFFM,IO_L15P_3,UNUSED,,3,,,,,,,,,,
AG7,,DIFFS,IO_L05N_3,UNUSED,,3,,,,,,,,,,
AG8,,,GND,,,,,,,,,,,,,
AG9,,DIFFS,IO_L02N_4/D0,UNUSED,,4,,,,,,PROHIBITED,,,,
AG10,debug_data(17),IOB,IO_L08N_4,OUTPUT,LVCMOS25*,4,12,SLOW,NONE**,,,LOCATED,,YES,NONE,
AG11,debug_data(14),IOB,IO_L25N_4,OUTPUT,LVCMOS25*,4,12,SLOW,NONE**,,,LOCATED,,YES,NONE,
AG12,,,GND,,,,,,,,,,,,,
AG13,debug_data(27),IOB,IO_L38N_4,OUTPUT,LVCMOS25*,4,12,SLOW,NONE**,,,LOCATED,,YES,NONE,
AG14,debug_data(5),IOB,IO_L47N_4,OUTPUT,LVCMOS25*,4,12,SLOW,NONE**,,,LOCATED,,YES,NONE,
AG15,,,GND,,,,,,,,,,,,,
AG16,debug_clk(1),IOB,IO_L55P_4,OUTPUT,LVCMOS25*,4,12,SLOW,NONE**,,,LOCATED,,YES,NONE,
AG17,,DIFFM,IO_L73P_4,UNUSED,,4,,,,,,,,,,
AG18,,DIFFS,IO_L73N_5,UNUSED,,5,,,,,,,,,,
AG19,rgmii_3_rxd(1),IOB,IO_L55N_5,INPUT,LVCMOS25*,5,,,,NONE,,LOCATED,,YES,NONE,
AG20,,,GND,,,,,,,,,,,,,
AG21,rgmii_2_txd(0),IOB,IO_L47P_5,OUTPUT,LVCMOS25*,5,12,FAST,NONE**,,,LOCATED,,YES,NONE,
AG22,rgmii_1_rx_ctl,IOB,IO_L38P_5,INPUT,LVCMOS25*,5,,,,NONE,,LOCATED,,YES,NONE,
AG23,,,GND,,,,,,,,,,,,,
AG24,rgmii_1_rxd(2),IOB,IO_L25P_5,INPUT,LVCMOS25*,5,,,,NONE,,LOCATED,,YES,NONE,
AG25,rgmii_0_tx_ctl,IOB,IO_L08P_5,OUTPUT,LVCMOS25*,5,12,FAST,NONE**,,,LOCATED,,YES,NONE,
AG26,,DIFFM,IO_L02P_5/D7,UNUSED,,5,,,,,,PROHIBITED,,,,
AG27,,,GND,,,,,,,,,,,,,
AG28,,DIFFS,IO_L05N_6,UNUSED,,6,,,,,,,,,,
AG29,sram1_addr(5),IOB,IO_L15P_6,OUTPUT,LVCMOS25*,6,12,SLOW,NONE**,,,LOCATED,,YES,NONE,
AG30,sram1_addr(6),IOB,IO_L15N_6/VREF_6,OUTPUT,LVCMOS25*,6,12,SLOW,NONE**,,,LOCATED,,YES,NONE,
AG31,sram1_addr(7),IOB,IO_L21P_6,OUTPUT,LVCMOS25*,6,12,SLOW,NONE**,,,LOCATED,,YES,NONE,
AG32,sram1_data(18),IOB,IO_L21N_6/VREF_6,BIDIR,LVCMOS25*,6,12,SLOW,NONE**,NONE,,LOCATED,,YES,NONE,
AG33,sram1_data(25),IOB,IO_L33P_6,BIDIR,LVCMOS25*,6,12,SLOW,NONE**,NONE,,LOCATED,,YES,NONE,
AG34,sram1_data(26),IOB,IO_L33N_6/VREF_6,BIDIR,LVCMOS25*,6,12,SLOW,NONE**,NONE,,LOCATED,,YES,NONE,
AH1,,DIFFS,IO_L24N_3,UNUSED,,3,,,,,,,,,,
AH2,,DIFFM,IO_L24P_3,UNUSED,,3,,,,,,,,,,
AH3,,DIFFS,IO_L19N_3,UNUSED,,3,,,,,,,,,,
AH4,,DIFFM,IO_L19P_3,UNUSED,,3,,,,,,,,,,
AH5,,DIFFS,IO_L04N_3,UNUSED,,3,,,,,,,,,,
AH6,,DIFFM,IO_L04P_3,UNUSED,,3,,,,,,,,,,
AH7,,,GND,,,,,,,,,,,,,
AH8,,DIFFM,IO_L05P_3,UNUSED,,3,,,,,,,,,,
AH9,,DIFFM,IO_L02P_4/D1,UNUSED,,4,,,,,,PROHIBITED,,,,
AH10,debug_data(23),IOB,IO_L08P_4,OUTPUT,LVCMOS25*,4,12,SLOW,NONE**,,,LOCATED,,YES,NONE,
AH11,debug_data(20),IOB,IO_L25P_4,OUTPUT,LVCMOS25*,4,12,SLOW,NONE**,,,LOCATED,,YES,NONE,
AH12,,DIFFS,IO_L26N_4,UNUSED,,4,,,,,,,,,,
AH13,debug_data(16),IOB,IO_L38P_4,OUTPUT,LVCMOS25*,4,12,SLOW,NONE**,,,LOCATED,,YES,NONE,
AH14,debug_data(4),IOB,IO_L47P_4,OUTPUT,LVCMOS25*,4,12,SLOW,NONE**,,,LOCATED,,YES,NONE,
AH15,debug_data(1),IOB,IO_L56N_4,OUTPUT,LVCMOS25*,4,12,SLOW,NONE**,,,LOCATED,,YES,NONE,
AH16,,DIFFS,IO_L68N_4,UNUSED,,4,,,,,,,,,,
AH17,,DIFFS,IO_L74N_4/GCLK3S,UNUSED,,4,,,,,,,,,,
AH18,,DIFFM,IO_L74P_5/GCLK4P,UNUSED,,5,,,,,,,,,,
AH19,rgmii_3_txd(0),IOB,IO_L68P_5,OUTPUT,LVCMOS25*,5,12,FAST,NONE**,,,LOCATED,,YES,NONE,
AH20,rgmii_3_rxd(2),IOB,IO_L56P_5,INPUT,LVCMOS25*,5,,,,NONE,,LOCATED,,YES,NONE,
AH21,rgmii_2_txd(1),IOB,IO_L47N_5,OUTPUT,LVCMOS25*,5,12,FAST,NONE**,,,LOCATED,,YES,NONE,
AH22,,DIFFS,IO_L38N_5,UNUSED,,5,,,,,,,,,,
AH23,rgmii_2_rxd(2),IOB,IO_L26P_5,INPUT,LVCMOS25*,5,,,,NONE,,LOCATED,,YES,NONE,
AH24,rgmii_1_rxd(3),IOB,IO_L25N_5,INPUT,LVCMOS25*,5,,,,NONE,,LOCATED,,YES,NONE,
AH25,,DIFFS,IO_L08N_5,UNUSED,,5,,,,,,,,,,
AH26,,DIFFS,IO_L02N_5/D6,UNUSED,,5,,,,,,PROHIBITED,,,,
AH27,,DIFFM,IO_L05P_6,UNUSED,,6,,,,,,,,,,
AH28,,,GND,,,,,,,,,,,,,
AH29,sram1_data(19),IOB,IO_L04P_6,BIDIR,LVCMOS25*,6,12,SLOW,NONE**,NONE,,LOCATED,,YES,NONE,
AH30,sram1_data(20),IOB,IO_L04N_6,BIDIR,LVCMOS25*,6,12,SLOW,NONE**,NONE,,LOCATED,,YES,NONE,
AH31,sram1_data(21),IOB,IO_L19P_6,BIDIR,LVCMOS25*,6,12,SLOW,NONE**,NONE,,LOCATED,,YES,NONE,
AH32,sram1_data(22),IOB,IO_L19N_6,BIDIR,LVCMOS25*,6,12,SLOW,NONE**,NONE,,LOCATED,,YES,NONE,
AH33,sram1_data(23),IOB,IO_L24P_6,BIDIR,LVCMOS25*,6,12,SLOW,NONE**,NONE,,LOCATED,,YES,NONE,
AH34,sram1_data(24),IOB,IO_L24N_6,BIDIR,LVCMOS25*,6,12,SLOW,NONE**,NONE,,LOCATED,,YES,NONE,
AJ1,,DIFFS,IO_L18N_3,UNUSED,,3,,,,,,,,,,
AJ2,,DIFFM,IO_L18P_3,UNUSED,,3,,,,,,,,,,
AJ3,,,VCCO_3,,,3,,,,,any******,,,,,
AJ4,,DIFFS,IO_L01N_3/VRP_3,UNUSED,,3,,,,,,,,,,
AJ5,,DIFFM,IO_L01P_3/VRN_3,UNUSED,,3,,,,,,,,,,
AJ6,,,GND,,,,,,,,,,,,,
AJ7,,DIFFS,IO_L02N_3,UNUSED,,3,,,,,,,,,,
AJ8,,DIFFM,IO_L02P_3,UNUSED,,3,,,,,,,,,,
AJ9,debug_data(21),IOB,IO_L20N_4,OUTPUT,LVCMOS25*,4,12,SLOW,NONE**,,,LOCATED,,YES,NONE,
AJ10,,,VCCO_4,,,4,,,,,2.50,,,,,
AJ11,debug_data(13),IOB,IO_L39N_4,OUTPUT,LVCMOS25*,4,12,SLOW,NONE**,,,LOCATED,,YES,NONE,
AJ12,debug_data(15),IOB,IO_L26P_4,OUTPUT,LVCMOS25*,4,12,SLOW,NONE**,,,LOCATED,,YES,NONE,
AJ13,debug_data(11),IOB,IO_L44N_4,OUTPUT,LVCMOS25*,4,12,SLOW,NONE**,,,LOCATED,,YES,NONE,
AJ14,debug_data(3),IOB,IO_L50_4/No_Pair,OUTPUT,LVCMOS25*,4,12,SLOW,NONE**,,,LOCATED,,YES,NONE,
AJ15,debug_data(0),IOB,IO_L56P_4,OUTPUT,LVCMOS25*,4,12,SLOW,NONE**,,,LOCATED,,YES,NONE,
AJ16,cpci_rp_en,IOB,IO_L68P_4,OUTPUT,LVCMOS25*,4,12,SLOW,NONE**,,,LOCATED,,NO,NONE,
AJ17,,DIFFM,IO_L74P_4/GCLK2P,UNUSED,,4,,,,,,,,,,
AJ18,rgmii_2_rxc,IOB,IO_L74N_5/GCLK5S,INPUT,LVCMOS25*,5,,,,NONE,,LOCATED,,NO,NONE,
AJ19,rgmii_3_txd(1),IOB,IO_L68N_5,OUTPUT,LVCMOS25*,5,12,FAST,NONE**,,,LOCATED,,YES,NONE,
AJ20,rgmii_3_rxd(3),IOB,IO_L56N_5,INPUT,LVCMOS25*,5,,,,NONE,,LOCATED,,YES,NONE,
AJ21,rgmii_2_txc,IOB,IO_L50_5/No_Pair,OUTPUT,LVCMOS25*,5,12,FAST,NONE**,,,LOCATED,,YES,NONE,
AJ22,rgmii_1_txd(2),IOB,IO_L44P_5,OUTPUT,LVCMOS25*,5,12,FAST,NONE**,,,LOCATED,,YES,NONE,
AJ23,rgmii_2_rxd(3),IOB,IO_L26N_5,INPUT,LVCMOS25*,5,,,,NONE,,LOCATED,,YES,NONE,
AJ24,rgmii_1_txc,IOB,IO_L39P_5,OUTPUT,LVCMOS25*,5,12,FAST,NONE**,,,LOCATED,,YES,NONE,
AJ25,,,VCCO_5,,,5,,,,,2.50,,,,,
AJ26,rgmii_0_rxd(2),IOB,IO_L20P_5,INPUT,LVCMOS25*,5,,,,NONE,,LOCATED,,YES,NONE,
AJ27,,DIFFM,IO_L02P_6,UNUSED,,6,,,,,,,,,,
AJ28,sram1_data(27),IOB,IO_L02N_6,BIDIR,LVCMOS25*,6,12,SLOW,NONE**,NONE,,LOCATED,,YES,NONE,
AJ29,,,GND,,,,,,,,,,,,,
AJ30,sram1_data(28),IOB,IO_L01P_6/VRN_6,BIDIR,LVCMOS25*,6,12,SLOW,NONE**,NONE,,LOCATED,,YES,NONE,
AJ31,sram1_data(29),IOB,IO_L01N_6/VRP_6,BIDIR,LVCMOS25*,6,12,SLOW,NONE**,NONE,,LOCATED,,YES,NONE,
AJ32,,,VCCO_6,,,6,,,,,2.50,,,,,
AJ33,sram1_data(30),IOB,IO_L18P_6,BIDIR,LVCMOS25*,6,12,SLOW,NONE**,NONE,,LOCATED,,YES,NONE,
AJ34,sram1_data(31),IOB,IO_L18N_6,BIDIR,LVCMOS25*,6,12,SLOW,NONE**,NONE,,LOCATED,,YES,NONE,
AK1,,DIFFS,IO_L16N_3,UNUSED,,3,,,,,,,,,,
AK2,,DIFFM,IO_L16P_3,UNUSED,,3,,,,,,,,,,
AK3,,DIFFS,IO_L03N_3/VREF_3,UNUSED,,3,,,,,,,,,,
AK4,,DIFFM,IO_L03P_3,UNUSED,,3,,,,,,,,,,
AK5,,,GND,,,,,,,,,,,,,
AK6,,DIFFS,IO_L03N_4/D2,UNUSED,,4,,,,,,PROHIBITED,,,,
AK7,,DIFFM,IO_L03P_4/D3,UNUSED,,4,,,,,,PROHIBITED,,,,
AK8,debug_data(24),IOB,IO_L09N_4,OUTPUT,LVCMOS25*,4,12,SLOW,NONE**,,,LOCATED,,YES,NONE,
AK9,debug_data(31),IOB,IO_L20P_4,OUTPUT,LVCMOS25*,4,12,SLOW,NONE**,,,LOCATED,,NO,NONE,
AK10,debug_data(29),IOB,IO_L27N_4,OUTPUT,LVCMOS25*,4,12,SLOW,NONE**,,,LOCATED,,NO,NONE,
AK11,debug_data(12),IOB,IO_L39P_4,OUTPUT,LVCMOS25*,4,12,SLOW,NONE**,,,LOCATED,,YES,NONE,
AK12,,,GND,,,,,,,,,,,,,
AK13,debug_data(10),IOB,IO_L44P_4,OUTPUT,LVCMOS25*,4,12,SLOW,NONE**,,,LOCATED,,YES,NONE,
AK14,rgmii_3_rx_ctl,IOB,IO_L53_4/No_Pair,INPUT,LVCMOS25*,4,,,,NONE,,LOCATED,,YES,NONE,
AK15,,,VCCO_4,,,4,,,,,2.50,,,,,
AK16,cpci_rp_done,IOB,IO_L69N_4,INPUT,LVCMOS25*,4,,,,NONE,,LOCATED,,NO,NONE,
AK17,,DIFFS,IO_L75N_4/GCLK1S,UNUSED,,4,,,,,,,,,,
AK18,,DIFFM,IO_L75P_5/GCLK6P,UNUSED,,5,,,,,,,,,,
AK19,rgmii_3_txd(2),IOB,IO_L69P_5,OUTPUT,LVCMOS25*,5,12,FAST,NONE**,,,LOCATED,,YES,NONE,
AK20,,,VCCO_5,,,5,,,,,2.50,,,,,
AK21,rgmii_2_txd(2),IOB,IO_L53_5/No_Pair,OUTPUT,LVCMOS25*,5,12,FAST,NONE**,,,LOCATED,,YES,NONE,
AK22,rgmii_1_txd(3),IOB,IO_L44N_5,OUTPUT,LVCMOS25*,5,12,FAST,NONE**,,,LOCATED,,YES,NONE,
AK23,,,GND,,,,,,,,,,,,,
AK24,,DIFFS,IO_L39N_5,UNUSED,,5,,,,,,,,,,
AK25,rgmii_0_rx_ctl,IOB,IO_L27P_5,INPUT,LVCMOS25*,5,,,,NONE,,LOCATED,,YES,NONE,
AK26,rgmii_0_rxd(3),IOB,IO_L20N_5,INPUT,LVCMOS25*,5,,,,NONE,,LOCATED,,YES,NONE,
AK27,rgmii_1_rxd(0),IOB,IO_L09P_5,INPUT,LVCMOS25*,5,,,,NONE,,LOCATED,,YES,NONE,
AK28,,DIFFS,IO_L03N_5/D4,UNUSED,,5,,,,,,PROHIBITED,,,,
AK29,,DIFFM,IO_L03P_5/D5,UNUSED,,5,,,,,,PROHIBITED,,,,
AK30,,,GND,,,,,,,,,,,,,
AK31,sram1_data(32),IOB,IO_L03P_6,BIDIR,LVCMOS25*,6,12,SLOW,NONE**,NONE,,LOCATED,,YES,NONE,
AK32,sram1_data(33),IOB,IO_L03N_6/VREF_6,BIDIR,LVCMOS25*,6,12,SLOW,NONE**,NONE,,LOCATED,,YES,NONE,
AK33,sram1_data(34),IOB,IO_L16P_6,BIDIR,LVCMOS25*,6,12,SLOW,NONE**,NONE,,LOCATED,,YES,NONE,
AK34,sram1_data(35),IOB,IO_L16N_6,BIDIR,LVCMOS25*,6,12,SLOW,NONE**,NONE,,LOCATED,,YES,NONE,
AL1,,DIFFS,IO_L06N_3,UNUSED,,3,,,,,,,,,,
AL2,,DIFFM,IO_L06P_3,UNUSED,,3,,,,,,,,,,
AL3,,,VCCAUX,,,,,,,,2.5,,,,,
AL4,,,GND,,,,,,,,,,,,,
AL5,debug_led,IOB,IO_L01N_4/DOUT,OUTPUT,LVCMOS25*,4,12,SLOW,NONE**,,,LOCATED,,NO,NONE,
AL6,,DIFFM,IO_L01P_4/INIT_B,UNUSED,,4,,,,,,PROHIBITED,,,,
AL7,debug_data(28),IOB,IO_L06N_4/VRP_4,OUTPUT,LVCMOS25*,4,12,SLOW,NONE**,,,LOCATED,,YES,NONE,
AL8,debug_data(26),IOB,IO_L09P_4/VREF_4,OUTPUT,LVCMOS25*,4,12,SLOW,NONE**,,,LOCATED,,YES,NONE,
AL9,debug_data(25),IOB,IO_L21N_4,OUTPUT,LVCMOS25*,4,12,SLOW,NONE**,,,LOCATED,,YES,NONE,
AL10,,DIFFM,IO_L27P_4/VREF_4,UNUSED,,4,,,,,,,,,,
AL11,debug_data(19),IOB,IO_L45N_4,OUTPUT,LVCMOS25*,4,12,SLOW,NONE**,,,LOCATED,,YES,NONE,
AL12,debug_data(7),IOB,IO_L48P_4,OUTPUT,LVCMOS25*,4,12,SLOW,NONE**,,,LOCATED,,YES,NONE,
AL13,debug_data(9),IOB,IO_L48N_4,OUTPUT,LVCMOS25*,4,12,SLOW,NONE**,,,LOCATED,,YES,NONE,
AL14,cpci_rp_din,IOB,IO_L57N_4,OUTPUT,LVCMOS25*,4,12,SLOW,NONE**,,,LOCATED,,NO,NONE,
AL15,cpci_rp_prog_b,IOB,IO_L57P_4/VREF_4,OUTPUT,LVCMOS25*,4,12,SLOW,NONE**,,,LOCATED,,NO,NONE,
AL16,cpci_rp_init_b,IOB,IO_L69P_4/VREF_4,INPUT,LVCMOS25*,4,,,,NONE,,LOCATED,,NO,NONE,
AL17,cpci_rp_cclk,IOB,IO_L75P_4/GCLK0P,INPUT,LVCMOS25*,4,,,,NONE,,LOCATED,,NO,NONE,
AL18,rgmii_3_rxc,IOB,IO_L75N_5/GCLK7S,INPUT,LVCMOS25*,5,,,,NONE,,LOCATED,,NO,NONE,
AL19,rgmii_3_txd(3),IOB,IO_L69N_5/VREF_5,OUTPUT,LVCMOS25*,5,12,FAST,NONE**,,,LOCATED,,YES,NONE,
AL20,,DIFFS,IO_L57N_5/VREF_5,UNUSED,,5,,,,,,,,,,
AL21,rgmii_3_txc,IOB,IO_L57P_5,OUTPUT,LVCMOS25*,5,12,FAST,NONE**,,,LOCATED,,YES,NONE,
AL22,rgmii_2_rx_ctl,IOB,IO_L48P_5,INPUT,LVCMOS25*,5,,,,NONE,,LOCATED,,YES,NONE,
AL23,,DIFFS,IO_L48N_5,UNUSED,,5,,,,,,,,,,
AL24,rgmii_1_tx_ctl,IOB,IO_L45P_5,OUTPUT,LVCMOS25*,5,12,FAST,NONE**,,,LOCATED,,YES,NONE,
AL25,,DIFFS,IO_L27N_5/VREF_5,UNUSED,,5,,,,,,,,,,
AL26,rgmii_0_rxd(0),IOB,IO_L21P_5,INPUT,LVCMOS25*,5,,,,NONE,,LOCATED,,YES,NONE,
AL27,rgmii_1_rxd(1),IOB,IO_L09N_5/VREF_5,INPUT,LVCMOS25*,5,,,,NONE,,LOCATED,,YES,NONE,
AL28,rgmii_0_txd(0),IOB,IO_L06P_5/VRN_5,OUTPUT,LVCMOS25*,5,12,FAST,NONE**,,,LOCATED,,YES,NONE,
AL29,,DIFFS,IO_L01N_5/RDWR_B,UNUSED,,5,,,,,,PROHIBITED,,,,
AL30,,DIFFM,IO_L01P_5/CS_B,UNUSED,,5,,,,,,PROHIBITED,,,,
AL31,,,GND,,,,,,,,,,,,,
AL32,,,VCCAUX,,,,,,,,2.5,,,,,
AL33,phy_mdio,IOB,IO_L06P_6,BIDIR,LVCMOS25*,6,12,SLOW,NONE**,NONE,,LOCATED,,YES,NONE,
AL34,phy_mdc,IOB,IO_L06N_6,OUTPUT,LVCMOS25*,6,12,SLOW,NONE**,,,LOCATED,,YES,NONE,
AM1,,,GND,,,,,,,,,,,,,
AM2,,,GND,,,,,,,,,,,,,
AM3,,,VCCAUX,,,,,,,,2.5,,,,,
AM4,,,VCCAUX,,,,,,,,2.5,,,,,
AM5,,,GNDA14,,,,,,,,,,,,,
AM6,,,VCCO_4,,,4,,,,,2.50,,,,,
AM7,debug_data(22),IOB,IO_L06P_4/VRN_4,OUTPUT,LVCMOS25*,4,12,SLOW,NONE**,,,LOCATED,,YES,NONE,
AM8,,,GNDA16,,,,,,,,,,,,,
AM9,debug_data(30),IOB,IO_L21P_4,OUTPUT,LVCMOS25*,4,12,SLOW,NONE**,,,LOCATED,,NO,NONE,
AM10,,,GND,,,,,,,,,,,,,
AM11,debug_data(18),IOB,IO_L45P_4/VREF_4,OUTPUT,LVCMOS25*,4,12,SLOW,NONE**,,,LOCATED,,YES,NONE,
AM12,,,GNDA17,,,,,,,,,,,,,
AM13,debug_data(8),IOB,IO_L54P_4,OUTPUT,LVCMOS25*,4,12,SLOW,NONE**,,,LOCATED,,YES,NONE,
AM14,debug_data(2),IOB,IO_L54N_4,OUTPUT,LVCMOS25*,4,12,SLOW,NONE**,,,LOCATED,,YES,NONE,
AM15,,,GNDA18,,,,,,,,,,,,,
AM16,,,GND,,,,,,,,,,,,,
AM17,,,VCCAUX,,,,,,,,2.5,,,,,
AM18,,,VCCAUX,,,,,,,,2.5,,,,,
AM19,,,GND,,,,,,,,,,,,,
AM20,,,GNDA19,,,,,,,,,,,,,
AM21,rgmii_2_txd(3),IOB,IO_L54P_5,OUTPUT,LVCMOS25*,5,12,FAST,NONE**,,,LOCATED,,YES,NONE,
AM22,rgmii_2_tx_ctl,IOB,IO_L54N_5,OUTPUT,LVCMOS25*,5,12,FAST,NONE**,,,LOCATED,,YES,NONE,
AM23,,,GNDA20,,,,,,,,,,,,,
AM24,,DIFFS,IO_L45N_5/VREF_5,UNUSED,,5,,,,,,,,,,
AM25,,,GND,,,,,,,,,,,,,
AM26,rgmii_0_rxd(1),IOB,IO_L21N_5,INPUT,LVCMOS25*,5,,,,NONE,,LOCATED,,YES,NONE,
AM27,,,GNDA21,,,,,,,,,,,,,
AM28,rgmii_0_txd(1),IOB,IO_L06N_5/VRP_5,OUTPUT,LVCMOS25*,5,12,FAST,NONE**,,,LOCATED,,YES,NONE,
AM29,,,VCCO_5,,,5,,,,,2.50,,,,,
AM30,,,GNDA23,,,,,,,,,,,,,
AM31,,,VCCAUX,,,,,,,,2.5,,,,,
AM32,,,VCCAUX,,,,,,,,2.5,,,,,
AM33,,,GND,,,,,,,,,,,,,
AM34,,,GND,,,,,,,,,,,,,
AN1,,,GND,,,,,,,,,,,,,
AN2,,,AVCCAUXRX14,,,,,,,,2.5,,,,,
AN3,,,VTRXPAD14,,,,,,,,,,,,,
AN4,,,AVCCAUXTX14,,,,,,,,2.5,,,,,
AN5,,,VTTXPAD14,,,,,,,,,,,,,
AN6,,,AVCCAUXRX16,,,,,,,,2.5,,,,,
AN7,,,VTRXPAD16,,,,,,,,,,,,,
AN8,,,AVCCAUXTX16,,,,,,,,2.5,,,,,
AN9,,,VTTXPAD16,,,,,,,,,,,,,
AN10,,,AVCCAUXRX17,,,,,,,,2.5,,,,,
AN11,,,VTRXPAD17,,,,,,,,,,,,,
AN12,,,AVCCAUXTX17,,,,,,,,2.5,,,,,
AN13,,,VTTXPAD17,,,,,,,,,,,,,
AN14,,,AVCCAUXRX18,,,,,,,,2.5,,,,,
AN15,,,VTRXPAD18,,,,,,,,,,,,,
AN16,,,AVCCAUXTX18,,,,,,,,2.5,,,,,
AN17,,,VTTXPAD18,,,,,,,,,,,,,
AN18,,,AVCCAUXRX19,,,,,,,,2.5,,,,,
AN19,,,VTRXPAD19,,,,,,,,,,,,,
AN20,,,AVCCAUXTX19,,,,,,,,2.5,,,,,
AN21,,,VTTXPAD19,,,,,,,,,,,,,
AN22,,,AVCCAUXRX20,,,,,,,,2.5,,,,,
AN23,,,VTRXPAD20,,,,,,,,,,,,,
AN24,,,AVCCAUXTX20,,,,,,,,2.5,,,,,
AN25,,,VTTXPAD20,,,,,,,,,,,,,
AN26,,,AVCCAUXRX21,,,,,,,,2.5,,,,,
AN27,,,VTRXPAD21,,,,,,,,,,,,,
AN28,,,AVCCAUXTX21,,,,,,,,2.5,,,,,
AN29,,,VTTXPAD21,,,,,,,,,,,,,
AN30,,,AVCCAUXRX23,,,,,,,,2.5,,,,,
AN31,,,VTRXPAD23,,,,,,,,,,,,,
AN32,,,AVCCAUXTX23,,,,,,,,2.5,,,,,
AN33,,,VTTXPAD23,,,,,,,,,,,,,
AN34,,,GND,,,,,,,,,,,,,
AP2,,GTIPAD,RXNPAD14,UNUSED,,,,,,,,,,,,
AP3,,GTIPAD,RXPPAD14,UNUSED,,,,,,,,,,,,
AP4,,GTOPAD,TXPPAD14,UNUSED,,,,,,,,,,,,
AP5,,GTOPAD,TXNPAD14,UNUSED,,,,,,,,,,,,
AP6,,GTIPAD,RXNPAD16,UNUSED,,,,,,,,,,,,
AP7,,GTIPAD,RXPPAD16,UNUSED,,,,,,,,,,,,
AP8,,GTOPAD,TXPPAD16,UNUSED,,,,,,,,,,,,
AP9,,GTOPAD,TXNPAD16,UNUSED,,,,,,,,,,,,
AP10,,GTIPAD,RXNPAD17,UNUSED,,,,,,,,,,,,
AP11,,GTIPAD,RXPPAD17,UNUSED,,,,,,,,,,,,
AP12,,GTOPAD,TXPPAD17,UNUSED,,,,,,,,,,,,
AP13,,GTOPAD,TXNPAD17,UNUSED,,,,,,,,,,,,
AP14,,GTIPAD,RXNPAD18,UNUSED,,,,,,,,,,,,
AP15,,GTIPAD,RXPPAD18,UNUSED,,,,,,,,,,,,
AP16,,GTOPAD,TXPPAD18,UNUSED,,,,,,,,,,,,
AP17,,GTOPAD,TXNPAD18,UNUSED,,,,,,,,,,,,
AP18,,GTIPAD,RXNPAD19,UNUSED,,,,,,,,,,,,
AP19,,GTIPAD,RXPPAD19,UNUSED,,,,,,,,,,,,
AP20,,GTOPAD,TXPPAD19,UNUSED,,,,,,,,,,,,
AP21,,GTOPAD,TXNPAD19,UNUSED,,,,,,,,,,,,
AP22,,GTIPAD,RXNPAD20,UNUSED,,,,,,,,,,,,
AP23,,GTIPAD,RXPPAD20,UNUSED,,,,,,,,,,,,
AP24,,GTOPAD,TXPPAD20,UNUSED,,,,,,,,,,,,
AP25,,GTOPAD,TXNPAD20,UNUSED,,,,,,,,,,,,
AP26,,GTIPAD,RXNPAD21,UNUSED,,,,,,,,,,,,
AP27,,GTIPAD,RXPPAD21,UNUSED,,,,,,,,,,,,
AP28,,GTOPAD,TXPPAD21,UNUSED,,,,,,,,,,,,
AP29,,GTOPAD,TXNPAD21,UNUSED,,,,,,,,,,,,
AP30,,GTIPAD,RXNPAD23,UNUSED,,,,,,,,,,,,
AP31,,GTIPAD,RXPPAD23,UNUSED,,,,,,,,,,,,
AP32,,GTOPAD,TXPPAD23,UNUSED,,,,,,,,,,,,
AP33,,GTOPAD,TXNPAD23,UNUSED,,,,,,,,,,,,
B1,,,GND,,,,,,,,,,,,,
B2,,,AVCCAUXRX11,,,,,,,,2.5,,,,,
B3,,,VTRXPAD11,,,,,,,,,,,,,
B4,,,AVCCAUXTX11,,,,,,,,2.5,,,,,
B5,,,VTTXPAD11,,,,,,,,,,,,,
B6,,,AVCCAUXRX9,,,,,,,,2.5,,,,,
B7,,,VTRXPAD9,,,,,,,,,,,,,
B8,,,AVCCAUXTX9,,,,,,,,2.5,,,,,
B9,,,VTTXPAD9,,,,,,,,,,,,,
B10,,,AVCCAUXRX8,,,,,,,,2.5,,,,,
B11,,,VTRXPAD8,,,,,,,,,,,,,
B12,,,AVCCAUXTX8,,,,,,,,2.5,,,,,
B13,,,VTTXPAD8,,,,,,,,,,,,,
B14,,,AVCCAUXRX7,,,,,,,,2.5,,,,,
B15,,,VTRXPAD7,,,,,,,,,,,,,
B16,,,AVCCAUXTX7,,,,,,,,2.5,,,,,
B17,,,VTTXPAD7,,,,,,,,,,,,,
B18,,,AVCCAUXRX6,,,,,,,,2.5,,,,,
B19,,,VTRXPAD6,,,,,,,,,,,,,
B20,,,AVCCAUXTX6,,,,,,,,2.5,,,,,
B21,,,VTTXPAD6,,,,,,,,,,,,,
B22,,,AVCCAUXRX5,,,,,,,,2.5,,,,,
B23,,,VTRXPAD5,,,,,,,,,,,,,
B24,,,AVCCAUXTX5,,,,,,,,2.5,,,,,
B25,,,VTTXPAD5,,,,,,,,,,,,,
B26,,,AVCCAUXRX4,,,,,,,,2.5,,,,,
B27,,,VTRXPAD4,,,,,,,,,,,,,
B28,,,AVCCAUXTX4,,,,,,,,2.5,,,,,
B29,,,VTTXPAD4,,,,,,,,,,,,,
B30,,,AVCCAUXRX2,,,,,,,,2.5,,,,,
B31,,,VTRXPAD2,,,,,,,,,,,,,
B32,,,AVCCAUXTX2,,,,,,,,2.5,,,,,
B33,,,VTTXPAD2,,,,,,,,,,,,,
B34,,,GND,,,,,,,,,,,,,
C1,,,GND,,,,,,,,,,,,,
C2,,,GND,,,,,,,,,,,,,
C3,,,VCCAUX,,,,,,,,2.5,,,,,
C4,,,VCCAUX,,,,,,,,2.5,,,,,
C5,,,GNDA11,,,,,,,,,,,,,
C6,,,VCCO_1,,,1,,,,,2.50,,,,,
C7,,DIFFS,IO_L20N_1,UNUSED,,1,,,,,,,,,,
C8,,,GNDA9,,,,,,,,,,,,,
C9,dma_data(9),IOB,IO_L38N_1,BIDIR,LVCMOS25*,1,12,SLOW,NONE**,IFD,,LOCATED,,YES,NONE,
C10,,,GND,,,,,,,,,,,,,
C11,dma_data(0),IOB,IO_L47N_1,BIDIR,LVCMOS25*,1,12,SLOW,NONE**,IFD,,LOCATED,,YES,NONE,
C12,,,GNDA8,,,,,,,,,,,,,
C13,cpci_addr(22),IOB,IO_L53_1/No_Pair,INPUT,LVCMOS25*,1,,,,IFD,,LOCATED,,YES,NONE,
C14,cpci_addr(16),IOB,IO_L50_1/No_Pair,INPUT,LVCMOS25*,1,,,,IFD,,LOCATED,,YES,NONE,
C15,,,GNDA7,,,,,,,,,,,,,
C16,,,GND,,,,,,,,,,,,,
C17,,,VCCAUX,,,,,,,,2.5,,,,,
C18,,,VCCAUX,,,,,,,,2.5,,,,,
C19,,,GND,,,,,,,,,,,,,
C20,,,GNDA6,,,,,,,,,,,,,
C21,cpci_data(26),IOB,IO_L50_0/No_Pair,BIDIR,LVCMOS25*,0,12,SLOW,NONE**,IFD,,LOCATED,,YES,NONE,
C22,cpci_data(20),IOB,IO_L53_0/No_Pair,BIDIR,LVCMOS25*,0,12,SLOW,NONE**,IFD,,LOCATED,,YES,NONE,
C23,,,GNDA5,,,,,,,,,,,,,
C24,cpci_data(13),IOB,IO_L47P_0,BIDIR,LVCMOS25*,0,12,SLOW,NONE**,IFD,,LOCATED,,YES,NONE,
C25,,,GND,,,,,,,,,,,,,
C26,cpci_data(7),IOB,IO_L38P_0,BIDIR,LVCMOS25*,0,12,SLOW,NONE**,IFD,,LOCATED,,YES,NONE,
C27,,,GNDA4,,,,,,,,,,,,,
C28,,DIFFM,IO_L20P_0,UNUSED,,0,,,,,,,,,,
C29,,,VCCO_0,,,0,,,,,2.50,,,,,
C30,,,GNDA2,,,,,,,,,,,,,
C31,,,VCCAUX,,,,,,,,2.5,,,,,
C32,,,VCCAUX,,,,,,,,2.5,,,,,
C33,,,GND,,,,,,,,,,,,,
C34,,,GND,,,,,,,,,,,,,
D1,dma_data(17),IOB,IO_L01P_2/VRN_2,BIDIR,LVCMOS25*,2,12,SLOW,NONE**,IFD,,LOCATED,,YES,NONE,
D2,dma_data(16),IOB,IO_L01N_2/VRP_2,BIDIR,LVCMOS25*,2,12,SLOW,NONE**,IFD,,LOCATED,,YES,NONE,
D3,,,VCCAUX,,,,,,,,2.5,,,,,
D4,,,GND,,,,,,,,,,,,,
D5,dma_data(15),IOB,IO_L08P_1,BIDIR,LVCMOS25*,1,12,SLOW,NONE**,IFD,,LOCATED,,YES,NONE,
D6,dma_data(14),IOB,IO_L08N_1,BIDIR,LVCMOS25*,1,12,SLOW,NONE**,IFD,,LOCATED,,YES,NONE,
D7,,DIFFM,IO_L20P_1,UNUSED,,1,,,,,,,,,,
D8,,DIFFS,IO_L26N_1,UNUSED,,1,,,,,,,,,,
D9,dma_data(8),IOB,IO_L38P_1,BIDIR,LVCMOS25*,1,12,SLOW,NONE**,IFD,,LOCATED,,YES,NONE,
D10,dma_data(4),IOB,IO_L44N_1,BIDIR,LVCMOS25*,1,12,SLOW,NONE**,IFD,,LOCATED,,YES,NONE,
D11,,DIFFM,IO_L47P_1,UNUSED,,1,,,,,,,,,,
D12,cpci_addr(23),IOB,IO_L46N_1,INPUT,LVCMOS25*,1,,,,IFD,,LOCATED,,YES,NONE,
D13,cpci_addr(21),IOB,IO_L46P_1,INPUT,LVCMOS25*,1,,,,IFD,,LOCATED,,YES,NONE,
D14,cpci_addr(15),IOB,IO_L56P_1,INPUT,LVCMOS25*,1,,,,IFD,,LOCATED,,YES,NONE,
D15,cpci_addr(10),IOB,IO_L56N_1,INPUT,LVCMOS25*,1,,,,IFD,,LOCATED,,YES,NONE,
D16,cpci_addr(7),IOB,IO_L68N_1,INPUT,LVCMOS25*,1,,,,IFD,,LOCATED,,YES,NONE,
D17,core_clk,IOB,IO_L74N_1/GCLK1P,INPUT,LVCMOS25*,1,,,,NONE,,LOCATED,,NO,NONE,
D18,rgmii_1_rxc,IOB,IO_L74P_0/GCLK6S,INPUT,LVCMOS25*,0,,,,NONE,,LOCATED,,NO,NONE,
D19,cpci_addr(2),IOB,IO_L68P_0,INPUT,LVCMOS25*,0,,,,IFD,,LOCATED,,YES,NONE,
D20,cpci_data(29),IOB,IO_L56P_0,BIDIR,LVCMOS25*,0,12,SLOW,NONE**,IFD,,LOCATED,,YES,NONE,
D21,cpci_data(25),IOB,IO_L56N_0,BIDIR,LVCMOS25*,0,12,SLOW,NONE**,IFD,,LOCATED,,YES,NONE,
D22,cpci_data(19),IOB,IO_L46N_0,BIDIR,LVCMOS25*,0,12,SLOW,NONE**,IFD,,LOCATED,,YES,NONE,
D23,cpci_data(14),IOB,IO_L46P_0,BIDIR,LVCMOS25*,0,12,SLOW,NONE**,IFD,,LOCATED,,YES,NONE,
D24,cpci_data(12),IOB,IO_L47N_0,BIDIR,LVCMOS25*,0,12,SLOW,NONE**,IFD,,LOCATED,,YES,NONE,
D25,cpci_data(11),IOB,IO_L44P_0,BIDIR,LVCMOS25*,0,12,SLOW,NONE**,IFD,,LOCATED,,YES,NONE,
D26,cpci_data(6),IOB,IO_L38N_0,BIDIR,LVCMOS25*,0,12,SLOW,NONE**,IFD,,LOCATED,,YES,NONE,
D27,,DIFFM,IO_L26P_0,UNUSED,,0,,,,,,,,,,
D28,nf2_err,IOB,IO_L20N_0,OUTPUT,LVCMOS25*,0,12,SLOW,NONE**,,,LOCATED,,NO,NONE,
D29,cpci_rd_wr_L,IOB,IO_L08P_0,INPUT,LVCMOS25*,0,,,,IFD,,LOCATED,,YES,NONE,
D30,,DIFFS,IO_L08N_0,UNUSED,,0,,,,,,,,,,
D31,,,GND,,,,,,,,,,,,,
D32,,,VCCAUX,,,,,,,,2.5,,,,,
D33,,DIFFS,IO_L01N_7/VRP_7,UNUSED,,7,,,,,,,,,,
D34,dma_vld_c2n,IOB,IO_L01P_7/VRN_7,INPUT,LVCMOS25*,7,,,,IFD,,LOCATED,,YES,NONE,
E1,dma_data(21),IOB,IO_L04P_2,BIDIR,LVCMOS25*,2,12,SLOW,NONE**,IFD,,LOCATED,,YES,NONE,
E2,dma_data(20),IOB,IO_L04N_2/VREF_2,BIDIR,LVCMOS25*,2,12,SLOW,NONE**,IFD,,LOCATED,,YES,NONE,
E3,dma_data(19),IOB,IO_L03P_2,BIDIR,LVCMOS25*,2,12,SLOW,NONE**,IFD,,LOCATED,,YES,NONE,
E4,dma_data(18),IOB,IO_L03N_2,BIDIR,LVCMOS25*,2,12,SLOW,NONE**,IFD,,LOCATED,,YES,NONE,
E5,,,GND,,,,,,,,,,,,,
E6,dma_data(13),IOB,IO_L01P_1/VRN_1,BIDIR,LVCMOS25*,1,12,SLOW,NONE**,IFD,,LOCATED,,YES,NONE,
E7,dma_data(12),IOB,IO_L01N_1/VRP_1,BIDIR,LVCMOS25*,1,12,SLOW,NONE**,IFD,,LOCATED,,YES,NONE,
E8,,DIFFM,IO_L26P_1,UNUSED,,1,,,,,,,,,,
E9,dma_data(7),IOB,IO_L07N_1,BIDIR,LVCMOS25*,1,12,SLOW,NONE**,IFD,,LOCATED,,YES,NONE,
E10,dma_data(3),IOB,IO_L44P_1,BIDIR,LVCMOS25*,1,12,SLOW,NONE**,IFD,,LOCATED,,YES,NONE,
E11,,DIFFS,IO_L19N_1,UNUSED,,1,,,,,,,,,,
E12,,,GND,,,,,,,,,,,,,
E13,cpci_addr(20),IOB,IO_L43N_1,INPUT,LVCMOS25*,1,,,,IFD,,LOCATED,,YES,NONE,
E14,cpci_addr(14),IOB,IO_L49N_1,INPUT,LVCMOS25*,1,,,,IFD,,LOCATED,,YES,NONE,
E15,,,VCCO_1,,,1,,,,,2.50,,,,,
E16,cpci_addr(6),IOB,IO_L68P_1,INPUT,LVCMOS25*,1,,,,IFD,,LOCATED,,YES,NONE,
E17,cpci_clk,IOB,IO_L74P_1/GCLK0S,INPUT,LVCMOS25*,1,,,,NONE,,LOCATED,,NO,NONE,
E18,,DIFFS,IO_L74N_0/GCLK7P,UNUSED,,0,,,,,,,,,,
E19,cpci_addr(1),IOB,IO_L68N_0,INPUT,LVCMOS25*,0,,,,IFD,,LOCATED,,YES,NONE,
E20,,,VCCO_0,,,0,,,,,2.50,,,,,
E21,cpci_data(24),IOB,IO_L49P_0,BIDIR,LVCMOS25*,0,12,SLOW,NONE**,IFD,,LOCATED,,YES,NONE,
E22,cpci_data(18),IOB,IO_L43P_0,BIDIR,LVCMOS25*,0,12,SLOW,NONE**,IFD,,LOCATED,,YES,NONE,
E23,,,GND,,,,,,,,,,,,,
E24,,DIFFM,IO_L19P_0,UNUSED,,0,,,,,,,,,,
E25,cpci_data(10),IOB,IO_L44N_0,BIDIR,LVCMOS25*,0,12,SLOW,NONE**,IFD,,LOCATED,,YES,NONE,
E26,cpci_data(5),IOB,IO_L07P_0,BIDIR,LVCMOS25*,0,12,SLOW,NONE**,IFD,,LOCATED,,YES,NONE,
E27,,DIFFS,IO_L26N_0,UNUSED,,0,,,,,,,,,,
E28,cpci_rd_rdy,IOB,IO_L01P_0/VRN_0,OUTPUT,LVCMOS25*,0,12,SLOW,NONE**,,,LOCATED,,YES,NONE,
E29,cpci_req,IOB,IO_L01N_0/VRP_0,INPUT,LVCMOS25*,0,,,,IFD,,LOCATED,,YES,NONE,
E30,,,GND,,,,,,,,,,,,,
E31,dma_q_nearly_full_n2c,IOB,IO_L03N_7,OUTPUT,LVCMOS25*,7,12,SLOW,NONE**,,,LOCATED,,YES,NONE,
E32,cpci_wr_rdy,IOB,IO_L03P_7,OUTPUT,LVCMOS25*,7,12,SLOW,NONE**,,,LOCATED,,YES,NONE,
E33,,DIFFS,IO_L04N_7/VREF_7,UNUSED,,7,,,,,,,,,,
E34,,DIFFM,IO_L04P_7,UNUSED,,7,,,,,,,,,,
F1,dma_data(25),IOB,IO_L17P_2,BIDIR,LVCMOS25*,2,12,SLOW,NONE**,IFD,,LOCATED,,YES,NONE,
F2,dma_data(24),IOB,IO_L17N_2,BIDIR,LVCMOS25*,2,12,SLOW,NONE**,IFD,,LOCATED,,YES,NONE,
F3,,,VCCO_2,,,2,,,,,2.50,,,,,
F4,dma_data(23),IOB,IO_L06P_2,BIDIR,LVCMOS25*,2,12,SLOW,NONE**,IFD,,LOCATED,,YES,NONE,
F5,dma_data(22),IOB,IO_L06N_2,BIDIR,LVCMOS25*,2,12,SLOW,NONE**,IFD,,LOCATED,,YES,NONE,
F6,,,GND,,,,,,,,,,,,,
F7,dma_data(11),IOB,IO_L02P_2,BIDIR,LVCMOS25*,2,12,SLOW,NONE**,IFD,,LOCATED,,YES,NONE,
F8,dma_data(10),IOB,IO_L02N_2,BIDIR,LVCMOS25*,2,12,SLOW,NONE**,IFD,,LOCATED,,YES,NONE,
F9,dma_data(6),IOB,IO_L07P_1,BIDIR,LVCMOS25*,1,12,SLOW,NONE**,IFD,,LOCATED,,YES,NONE,
F10,,,VCCO_1,,,1,,,,,2.50,,,,,
F11,,DIFFM,IO_L19P_1,UNUSED,,1,,,,,,,,,,
F12,,DIFFS,IO_L25N_1,UNUSED,,1,,,,,,,,,,
F13,cpci_addr(19),IOB,IO_L43P_1,INPUT,LVCMOS25*,1,,,,IFD,,LOCATED,,YES,NONE,
F14,cpci_addr(13),IOB,IO_L49P_1,INPUT,LVCMOS25*,1,,,,IFD,,LOCATED,,YES,NONE,
F15,cpci_addr(9),IOB,IO_L55N_1,INPUT,LVCMOS25*,1,,,,IFD,,LOCATED,,YES,NONE,
F16,cpci_addr(5),IOB,IO_L67N_1,INPUT,LVCMOS25*,1,,,,IFD,,LOCATED,,YES,NONE,
F17,,DIFFS,IO_L73N_1,UNUSED,,1,,,,,,,,,,
F18,,DIFFM,IO_L73P_0,UNUSED,,0,,,,,,,,,,
F19,cpci_addr(0),IOB,IO_L67P_0,INPUT,LVCMOS25*,0,,,,IFD,,LOCATED,,YES,NONE,
F20,cpci_data(28),IOB,IO_L55P_0,BIDIR,LVCMOS25*,0,12,SLOW,NONE**,IFD,,LOCATED,,YES,NONE,
F21,cpci_data(23),IOB,IO_L49N_0,BIDIR,LVCMOS25*,0,12,SLOW,NONE**,IFD,,LOCATED,,YES,NONE,
F22,cpci_data(17),IOB,IO_L43N_0,BIDIR,LVCMOS25*,0,12,SLOW,NONE**,IFD,,LOCATED,,YES,NONE,
F23,,DIFFM,IO_L25P_0,UNUSED,,0,,,,,,,,,,
F24,,DIFFS,IO_L19N_0,UNUSED,,0,,,,,,,,,,
F25,,,VCCO_0,,,0,,,,,2.50,,,,,
F26,cpci_data(4),IOB,IO_L07N_0,BIDIR,LVCMOS25*,0,12,SLOW,NONE**,IFD,,LOCATED,,YES,NONE,
F27,cpci_data(1),IOB,IO_L02N_7,BIDIR,LVCMOS25*,7,12,SLOW,NONE**,IFD,,LOCATED,,YES,NONE,
F28,cpci_data(0),IOB,IO_L02P_7,BIDIR,LVCMOS25*,7,12,SLOW,NONE**,IFD,,LOCATED,,YES,NONE,
F29,,,GND,,,,,,,,,,,,,
F30,,DIFFS,IO_L06N_7,UNUSED,,7,,,,,,,,,,
F31,,DIFFM,IO_L06P_7,UNUSED,,7,,,,,,,,,,
F32,,,VCCO_7,,,7,,,,,2.50,,,,,
F33,,DIFFS,IO_L17N_7,UNUSED,,7,,,,,,,,,,
F34,,DIFFM,IO_L17P_7,UNUSED,,7,,,,,,,,,,
G1,dma_data(31),IOB,IO_L20P_2,BIDIR,LVCMOS25*,2,12,SLOW,NONE**,IFD,,LOCATED,,YES,NONE,
G2,dma_data(30),IOB,IO_L20N_2,BIDIR,LVCMOS25*,2,12,SLOW,NONE**,IFD,,LOCATED,,YES,NONE,
G3,dma_data(29),IOB,IO_L15P_2,BIDIR,LVCMOS25*,2,12,SLOW,NONE**,IFD,,LOCATED,,YES,NONE,
G4,dma_data(28),IOB,IO_L15N_2,BIDIR,LVCMOS25*,2,12,SLOW,NONE**,IFD,,LOCATED,,YES,NONE,
G5,dma_data(27),IOB,IO_L16P_2,BIDIR,LVCMOS25*,2,12,SLOW,NONE**,IFD,,LOCATED,,YES,NONE,
G6,dma_data(26),IOB,IO_L16N_2/VREF_2,BIDIR,LVCMOS25*,2,12,SLOW,NONE**,IFD,,LOCATED,,YES,NONE,
G7,,,GND,,,,,,,,,,,,,
G8,,,NC,,,,,,,,,,,,,
G9,dma_data(5),IOB,IO_L02N_1,BIDIR,LVCMOS25*,1,12,SLOW,NONE**,IFD,,LOCATED,,YES,NONE,
G10,dma_data(2),IOB,IO_L03N_1/VREF_1,BIDIR,LVCMOS25*,1,12,SLOW,NONE**,IFD,,LOCATED,,YES,NONE,
G11,,DIFFS,IO_L21N_1,UNUSED,,1,,,,,,,,,,
G12,,DIFFM,IO_L25P_1,UNUSED,,1,,,,,,,,,,
G13,cpci_addr(18),IOB,IO_L37N_1,INPUT,LVCMOS25*,1,,,,IFD,,LOCATED,,YES,NONE,
G14,cpci_addr(12),IOB,IO_L45N_1/VREF_1,INPUT,LVCMOS25*,1,,,,IFD,,LOCATED,,YES,NONE,
G15,cpci_addr(8),IOB,IO_L55P_1,INPUT,LVCMOS25*,1,,,,IFD,,LOCATED,,YES,NONE,
G16,cpci_addr(4),IOB,IO_L67P_1,INPUT,LVCMOS25*,1,,,,IFD,,LOCATED,,YES,NONE,
G17,,DIFFM,IO_L73P_1,UNUSED,,1,,,,,,,,,,
G18,,DIFFS,IO_L73N_0,UNUSED,,0,,,,,,,,,,
G19,cpci_data(31),IOB,IO_L67N_0,BIDIR,LVCMOS25*,0,12,SLOW,NONE**,IFD,,LOCATED,,YES,NONE,
G20,cpci_data(27),IOB,IO_L55N_0,BIDIR,LVCMOS25*,0,12,SLOW,NONE**,IFD,,LOCATED,,YES,NONE,
G21,cpci_data(22),IOB,IO_L45P_0/VREF_0,BIDIR,LVCMOS25*,0,12,SLOW,NONE**,IFD,,LOCATED,,YES,NONE,
G22,cpci_data(16),IOB,IO_L37P_0,BIDIR,LVCMOS25*,0,12,SLOW,NONE**,IFD,,LOCATED,,YES,NONE,
G23,,DIFFS,IO_L25N_0,UNUSED,,0,,,,,,,,,,
G24,,DIFFM,IO_L21P_0,UNUSED,,0,,,,,,,,,,
G25,cpci_data(9),IOB,IO_L03P_0/VREF_0,BIDIR,LVCMOS25*,0,12,SLOW,NONE**,IFD,,LOCATED,,YES,NONE,
G26,cpci_data(3),IOB,IO_L02P_0,BIDIR,LVCMOS25*,0,12,SLOW,NONE**,IFD,,LOCATED,,YES,NONE,
G27,,,DXN,,,,,,,,,,,,,
G28,,,GND,,,,,,,,,,,,,
G29,,DIFFS,IO_L16N_7/VREF_7,UNUSED,,7,,,,,,,,,,
G30,,DIFFM,IO_L16P_7,UNUSED,,7,,,,,,,,,,
G31,sram2_data(8),IOB,IO_L15N_7,BIDIR,LVCMOS25*,7,12,SLOW,NONE**,NONE,,LOCATED,,YES,NONE,
G32,sram2_data(7),IOB,IO_L15P_7,BIDIR,LVCMOS25*,7,12,SLOW,NONE**,NONE,,LOCATED,,YES,NONE,
G33,sram2_data(6),IOB,IO_L20N_7,BIDIR,LVCMOS25*,7,12,SLOW,NONE**,NONE,,LOCATED,,YES,NONE,
G34,sram2_data(5),IOB,IO_L20P_7,BIDIR,LVCMOS25*,7,12,SLOW,NONE**,NONE,,LOCATED,,YES,NONE,
H1,dma_op_queue_id(1),IOB,IO_L31P_2,INPUT,LVCMOS25*,2,,,,IFD,,LOCATED,,YES,NONE,
H2,dma_op_code_req(0),IOB,IO_L31N_2,INPUT,LVCMOS25*,2,,,,IFD,,LOCATED,,YES,NONE,
H3,dma_op_code_req(1),IOB,IO_L24P_2,INPUT,LVCMOS25*,2,,,,IFD,,LOCATED,,YES,NONE,
H4,dma_op_code_ack(0),IOB,IO_L24N_2,OUTPUT,LVCMOS25*,2,12,SLOW,NONE**,,,LOCATED,,YES,NONE,
H5,dma_op_code_ack(1),IOB,IO_L19P_2,OUTPUT,LVCMOS25*,2,12,SLOW,NONE**,,,LOCATED,,YES,NONE,
H6,dma_q_nearly_full_c2n,IOB,IO_L19N_2,INPUT,LVCMOS25*,2,,,,IFD,,LOCATED,,YES,NONE,
H7,,,TDO,,,,,,,,,,,,,
H8,,,GND,,,,,,,,,,,,,
H9,,DIFFM,IO_L02P_1,UNUSED,,1,,,,,,,,,,
H10,dma_data(1),IOB,IO_L03P_1,BIDIR,LVCMOS25*,1,12,SLOW,NONE**,IFD,,LOCATED,,YES,NONE,
H11,,DIFFM,IO_L21P_1,UNUSED,,1,,,,,,,,,,
H12,,,GND,,,,,,,,,,,,,
H13,cpci_addr(17),IOB,IO_L37P_1,INPUT,LVCMOS25*,1,,,,IFD,,LOCATED,,YES,NONE,
H14,cpci_addr(11),IOB,IO_L45P_1,INPUT,LVCMOS25*,1,,,,IFD,,LOCATED,,YES,NONE,
H15,,,GND,,,,,,,,,,,,,
H16,cpci_addr(3),IOB,IO_L57N_1/VREF_1,INPUT,LVCMOS25*,1,,,,IFD,,LOCATED,,YES,NONE,
H17,,DIFFS,IO_L75N_1/GCLK3P,UNUSED,,1,,,,,,,,,,
H18,rgmii_0_rxc,IOB,IO_L75P_0/GCLK4S,INPUT,LVCMOS25*,0,,,,NONE,,LOCATED,,NO,NONE,
H19,cpci_data(30),IOB,IO_L57P_0/VREF_0,BIDIR,LVCMOS25*,0,12,SLOW,NONE**,IFD,,LOCATED,,YES,NONE,
H20,,,GND,,,,,,,,,,,,,
H21,cpci_data(21),IOB,IO_L45N_0,BIDIR,LVCMOS25*,0,12,SLOW,NONE**,IFD,,LOCATED,,YES,NONE,
H22,cpci_data(15),IOB,IO_L37N_0,BIDIR,LVCMOS25*,0,12,SLOW,NONE**,IFD,,LOCATED,,YES,NONE,
H23,,,GND,,,,,,,,,,,,,
H24,,DIFFS,IO_L21N_0,UNUSED,,0,,,,,,,,,,
H25,cpci_data(8),IOB,IO_L03N_0,BIDIR,LVCMOS25*,0,12,SLOW,NONE**,IFD,,LOCATED,,YES,NONE,
H26,cpci_data(2),IOB,IO_L02N_0,BIDIR,LVCMOS25*,0,12,SLOW,NONE**,IFD,,LOCATED,,YES,NONE,
H27,,,GND,,,,,,,,,,,,,
H28,,,TDI,,,,,,,,,,,,,
H29,,DIFFS,IO_L19N_7,UNUSED,,7,,,,,,,,,,
H30,,DIFFM,IO_L19P_7,UNUSED,,7,,,,,,,,,,
H31,sram2_data(4),IOB,IO_L24N_7,BIDIR,LVCMOS25*,7,12,SLOW,NONE**,NONE,,LOCATED,,YES,NONE,
H32,sram2_data(3),IOB,IO_L24P_7,BIDIR,LVCMOS25*,7,12,SLOW,NONE**,NONE,,LOCATED,,YES,NONE,
H33,sram2_data(9),IOB,IO_L31N_7,BIDIR,LVCMOS25*,7,12,SLOW,NONE**,NONE,,LOCATED,,YES,NONE,
H34,,DIFFM,IO_L31P_7,UNUSED,,7,,,,,,,,,,
J1,,,GND,,,,,,,,,,,,,
J2,dma_vld_n2c,IOB,IO_L34N_2/VREF_2,OUTPUT,LVCMOS25*,2,12,SLOW,NONE**,,,LOCATED,,YES,NONE,
J3,dma_op_queue_id(3),IOB,IO_L22P_2,INPUT,LVCMOS25*,2,,,,IFD,,LOCATED,,YES,NONE,
J4,nf2_reset,IOB,IO_L22N_2/VREF_2,INPUT,LVCMOS25*,2,,,,NONE,,LOCATED,,NO,NONE,
J5,dma_op_queue_id(2),IOB,IO_L21P_2,INPUT,LVCMOS25*,2,,,,IFD,,LOCATED,,YES,NONE,
J6,dma_op_queue_id(0),IOB,IO_L21N_2,INPUT,LVCMOS25*,2,,,,IFD,,LOCATED,,YES,NONE,
J7,,DIFFM,IO_L05P_2,UNUSED,,2,,,,,,,,,,
J8,,DIFFS,IO_L05N_2,UNUSED,,2,,,,,,,,,,
J9,,,TCK,,,,,,,,,,,,,
J10,,DIFFS,IO_L05_1/No_Pair,UNUSED,,1,,,,,,,,,,
J11,,DIFFS,IO_L06N_1,UNUSED,,1,,,,,,,,,,
J12,,DIFFS,IO_L09N_1/VREF_1,UNUSED,,1,,,,,,,,,,
J13,,DIFFS,IO_L27N_1/VREF_1,UNUSED,,1,,,,,,,,,,
J14,,DIFFS,IO_L39N_1,UNUSED,,1,,,,,,,,,,
J15,,DIFFS,IO_L48N_1,UNUSED,,1,,,,,,,,,,
J16,,DIFFM,IO_L57P_1,UNUSED,,1,,,,,,,,,,
J17,gtx_clk,IOB,IO_L75P_1/GCLK2S,INPUT,LVCMOS25*,1,,,,NONE,,LOCATED,,NO,NONE,
J18,,DIFFS,IO_L75N_0/GCLK5P,UNUSED,,0,,,,,,,,,,
J19,,DIFFS,IO_L57N_0,UNUSED,,0,,,,,,,,,,
J20,,DIFFM,IO_L48P_0,UNUSED,,0,,,,,,,,,,
J21,,DIFFM,IO_L39P_0,UNUSED,,0,,,,,,,,,,
J22,,DIFFM,IO_L27P_0/VREF_0,UNUSED,,0,,,,,,,,,,
J23,,DIFFM,IO_L09P_0/VREF_0,UNUSED,,0,,,,,,,,,,
J24,,DIFFM,IO_L06P_0,UNUSED,,0,,,,,,,,,,
J25,,DIFFM,IO_L05_0/No_Pair,UNUSED,,0,,,,,,,,,,
J26,,,PROG_B,,,,,,,,,,,,,
J27,,DIFFS,IO_L05N_7,UNUSED,,7,,,,,,,,,,
J28,,DIFFM,IO_L05P_7,UNUSED,,7,,,,,,,,,,
J29,,DIFFS,IO_L21N_7,UNUSED,,7,,,,,,,,,,
J30,,DIFFM,IO_L21P_7,UNUSED,,7,,,,,,,,,,
J31,sram2_data(2),IOB,IO_L22N_7/VREF_7,BIDIR,LVCMOS25*,7,12,SLOW,NONE**,NONE,,LOCATED,,YES,NONE,
J32,sram2_data(1),IOB,IO_L22P_7,BIDIR,LVCMOS25*,7,12,SLOW,NONE**,NONE,,LOCATED,,YES,NONE,
J33,sram2_data(0),IOB,IO_L34N_7/VREF_7,BIDIR,LVCMOS25*,7,12,SLOW,NONE**,NONE,,LOCATED,,YES,NONE,
J34,,,GND,,,,,,,,,,,,,
K1,,DIFFS,IO_L37N_2,UNUSED,,2,,,,,,,,,,
K2,,DIFFM,IO_L34P_2,UNUSED,,2,,,,,,,,,,
K3,,,GND,,,,,,,,,,,,,
K4,,DIFFM,IO_L33P_2,UNUSED,,2,,,,,,,,,,
K5,,DIFFS,IO_L33N_2,UNUSED,,2,,,,,,,,,,
K6,,,VCCO_2,,,2,,,,,2.50,,,,,
K7,,DIFFM,IO_L23P_2,UNUSED,,2,,,,,,,,,,
K8,,DIFFS,IO_L23N_2,UNUSED,,2,,,,,,,,,,
K9,,,VBATT,,,,,,,,,,,,,
K10,,,TMS,,,,,,,,,,,,,
K11,,DIFFM,IO_L06P_1,UNUSED,,1,,,,,,,,,,
K12,,DIFFM,IO_L09P_1,UNUSED,,1,,,,,,,,,,
K13,,DIFFM,IO_L27P_1,UNUSED,,1,,,,,,,,,,
K14,,DIFFM,IO_L39P_1,UNUSED,,1,,,,,,,,,,
K15,,DIFFM,IO_L48P_1,UNUSED,,1,,,,,,,,,,
K16,,DIFFS,IO_L54N_1,UNUSED,,1,,,,,,,,,,
K17,,DIFFS,IO_L69N_1/VREF_1,UNUSED,,1,,,,,,,,,,
K18,,DIFFM,IO_L69P_0/VREF_0,UNUSED,,0,,,,,,,,,,
K19,,DIFFM,IO_L54P_0,UNUSED,,0,,,,,,,,,,
K20,,DIFFS,IO_L48N_0,UNUSED,,0,,,,,,,,,,
K21,,DIFFS,IO_L39N_0,UNUSED,,0,,,,,,,,,,
K22,,DIFFS,IO_L27N_0,UNUSED,,0,,,,,,,,,,
K23,,DIFFS,IO_L09N_0,UNUSED,,0,,,,,,,,,,
K24,,DIFFS,IO_L06N_0,UNUSED,,0,,,,,,,,,,
K25,,,HSWAP_EN,,,,,,,,,,,,,
K26,,,DXP,,,,,,,,,,,,,
K27,,DIFFS,IO_L23N_7,UNUSED,,7,,,,,,,,,,
K28,,DIFFM,IO_L23P_7,UNUSED,,7,,,,,,,,,,
K29,,,VCCO_7,,,7,,,,,2.50,,,,,
K30,sram2_data(10),IOB,IO_L33N_7,BIDIR,LVCMOS25*,7,12,SLOW,NONE**,NONE,,LOCATED,,YES,NONE,
K31,sram2_data(11),IOB,IO_L33P_7,BIDIR,LVCMOS25*,7,12,SLOW,NONE**,NONE,,LOCATED,,YES,NONE,
K32,,,GND,,,,,,,,,,,,,
K33,sram2_data(12),IOB,IO_L34P_7,BIDIR,LVCMOS25*,7,12,SLOW,NONE**,NONE,,LOCATED,,YES,NONE,
K34,sram2_data(13),IOB,IO_L37N_7,BIDIR,LVCMOS25*,7,12,SLOW,NONE**,NONE,,LOCATED,,YES,NONE,
L1,cpci_debug_data(5),IOB,IO_L37P_2,INPUT,LVCMOS25*,2,,,,NONE,,LOCATED,,YES,NONE,
L2,cpci_debug_data(6),IOB,IO_L40N_2/VREF_2,INPUT,LVCMOS25*,2,,,,NONE,,LOCATED,,YES,NONE,
L3,cpci_debug_data(7),IOB,IO_L42P_2,INPUT,LVCMOS25*,2,,,,NONE,,LOCATED,,YES,NONE,
L4,cpci_debug_data(8),IOB,IO_L42N_2,INPUT,LVCMOS25*,2,,,,NONE,,LOCATED,,YES,NONE,
L5,cpci_debug_data(9),IOB,IO_L36P_2,INPUT,LVCMOS25*,2,,,,NONE,,LOCATED,,YES,NONE,
L6,,DIFFS,IO_L36N_2,UNUSED,,2,,,,,,,,,,
L7,,DIFFM,IO_L35P_2,UNUSED,,2,,,,,,,,,,
L8,,DIFFS,IO_L35N_2,UNUSED,,2,,,,,,,,,,
L9,,DIFFM,IO_L18P_2,UNUSED,,2,,,,,,,,,,
L10,,DIFFS,IO_L18N_2,UNUSED,,2,,,,,,,,,,
L11,,,VCCINT,,,,,,,,1.5,,,,,
L12,,,VCCO_1,,,1,,,,,2.50,,,,,
L13,,,VCCO_1,,,1,,,,,2.50,,,,,
L14,,,VCCO_1,,,1,,,,,2.50,,,,,
L15,,,VCCO_1,,,1,,,,,2.50,,,,,
L16,,DIFFM,IO_L54P_1,UNUSED,,1,,,,,,,,,,
L17,,DIFFM,IO_L69P_1,UNUSED,,1,,,,,,,,,,
L18,,DIFFS,IO_L69N_0,UNUSED,,0,,,,,,,,,,
L19,,DIFFS,IO_L54N_0,UNUSED,,0,,,,,,,,,,
L20,,,VCCO_0,,,0,,,,,2.50,,,,,
L21,,,VCCO_0,,,0,,,,,2.50,,,,,
L22,,,VCCO_0,,,0,,,,,2.50,,,,,
L23,,,VCCO_0,,,0,,,,,2.50,,,,,
L24,,,VCCINT,,,,,,,,1.5,,,,,
L25,,DIFFS,IO_L18N_7,UNUSED,,7,,,,,,,,,,
L26,,DIFFM,IO_L18P_7,UNUSED,,7,,,,,,,,,,
L27,,DIFFS,IO_L35N_7,UNUSED,,7,,,,,,,,,,
L28,,DIFFM,IO_L35P_7,UNUSED,,7,,,,,,,,,,
L29,sram2_data(14),IOB,IO_L36N_7,BIDIR,LVCMOS25*,7,12,SLOW,NONE**,NONE,,LOCATED,,YES,NONE,
L30,sram2_data(15),IOB,IO_L36P_7,BIDIR,LVCMOS25*,7,12,SLOW,NONE**,NONE,,LOCATED,,YES,NONE,
L31,sram2_data(16),IOB,IO_L42N_7,BIDIR,LVCMOS25*,7,12,SLOW,NONE**,NONE,,LOCATED,,YES,NONE,
L32,sram2_data(17),IOB,IO_L42P_7,BIDIR,LVCMOS25*,7,12,SLOW,NONE**,NONE,,LOCATED,,YES,NONE,
L33,sram2_addr(12),IOB,IO_L40N_7/VREF_7,OUTPUT,LVCMOS25*,7,12,SLOW,NONE**,,,LOCATED,,YES,NONE,
L34,sram2_addr(11),IOB,IO_L37P_7,OUTPUT,LVCMOS25*,7,12,SLOW,NONE**,,,LOCATED,,YES,NONE,
M1,cpci_debug_data(2),IOB,IO_L46N_2/VREF_2,INPUT,LVCMOS25*,2,,,,NONE,,LOCATED,,YES,NONE,
M2,cpci_addr(25),IOB,IO_L40P_2,INPUT,LVCMOS25*,2,,,,IFD,,LOCATED,,YES,NONE,
M3,cpci_addr(26),IOB,IO_L43P_2,INPUT,LVCMOS25*,2,,,,IFD,,LOCATED,,YES,NONE,
M4,cpci_debug_data(3),IOB,IO_L43N_2,INPUT,LVCMOS25*,2,,,,NONE,,LOCATED,,YES,NONE,
M5,,,GND,,,,,,,,,,,,,
M6,cpci_debug_data(4),IOB,IO_L39P_2,INPUT,LVCMOS25*,2,,,,NONE,,LOCATED,,YES,NONE,
M7,,DIFFS,IO_L39N_2,UNUSED,,2,,,,,,,,,,
M8,,,GND,,,,,,,,,,,,,
M9,,DIFFM,IO_L32P_2,UNUSED,,2,,,,,,,,,,
M10,,DIFFS,IO_L32N_2,UNUSED,,2,,,,,,,,,,
M11,,,VCCO_2,,,2,,,,,2.50,,,,,
M12,,,VCCINT,,,,,,,,1.5,,,,,
M13,,,VCCO_1,,,1,,,,,2.50,,,,,
M14,,,VCCO_1,,,1,,,,,2.50,,,,,
M15,,,VCCO_1,,,1,,,,,2.50,,,,,
M16,,,VCCO_1,,,1,,,,,2.50,,,,,
M17,,,VCCO_1,,,1,,,,,2.50,,,,,
M18,,,VCCO_0,,,0,,,,,2.50,,,,,
M19,,,VCCO_0,,,0,,,,,2.50,,,,,
M20,,,VCCO_0,,,0,,,,,2.50,,,,,
M21,,,VCCO_0,,,0,,,,,2.50,,,,,
M22,,,VCCO_0,,,0,,,,,2.50,,,,,
M23,,,VCCINT,,,,,,,,1.5,,,,,
M24,,,VCCO_7,,,7,,,,,2.50,,,,,
M25,,DIFFS,IO_L32N_7,UNUSED,,7,,,,,,,,,,
M26,,DIFFM,IO_L32P_7,UNUSED,,7,,,,,,,,,,
M27,,,GND,,,,,,,,,,,,,
M28,sram2_addr(10),IOB,IO_L39N_7,OUTPUT,LVCMOS25*,7,12,SLOW,NONE**,,,LOCATED,,YES,NONE,
M29,sram2_addr(13),IOB,IO_L39P_7,OUTPUT,LVCMOS25*,7,12,SLOW,NONE**,,,LOCATED,,YES,NONE,
M30,,,GND,,,,,,,,,,,,,
M31,sram2_addr(9),IOB,IO_L43N_7,OUTPUT,LVCMOS25*,7,12,SLOW,NONE**,,,LOCATED,,YES,NONE,
M32,sram2_addr(14),IOB,IO_L43P_7,OUTPUT,LVCMOS25*,7,12,SLOW,NONE**,,,LOCATED,,YES,NONE,
M33,sram2_addr(8),IOB,IO_L40P_7,OUTPUT,LVCMOS25*,7,12,SLOW,NONE**,,,LOCATED,,YES,NONE,
M34,sram2_addr(15),IOB,IO_L46N_7/VREF_7,OUTPUT,LVCMOS25*,7,12,SLOW,NONE**,,,LOCATED,,YES,NONE,
N1,cpci_debug_data(24),IOB,IO_L46P_2,INPUT,LVCMOS25*,2,,,,NONE,,LOCATED,,YES,NONE,
N2,cpci_debug_data(25),IOB,IO_L49N_2,INPUT,LVCMOS25*,2,,,,NONE,,LOCATED,,YES,NONE,
N3,cpci_debug_data(26),IOB,IO_L48P_2,INPUT,LVCMOS25*,2,,,,NONE,,LOCATED,,YES,NONE,
N4,cpci_debug_data(27),IOB,IO_L48N_2,INPUT,LVCMOS25*,2,,,,NONE,,LOCATED,,YES,NONE,
N5,cpci_debug_data(28),IOB,IO_L45P_2,INPUT,LVCMOS25*,2,,,,NONE,,LOCATED,,YES,NONE,
N6,cpci_addr(24),IOB,IO_L45N_2,INPUT,LVCMOS25*,2,,,,IFD,,LOCATED,,YES,NONE,
N7,,DIFFM,IO_L41P_2,UNUSED,,2,,,,,,,,,,
N8,,DIFFS,IO_L41N_2,UNUSED,,2,,,,,,,,,,
N9,,DIFFM,IO_L38P_2,UNUSED,,2,,,,,,,,,,
N10,,DIFFS,IO_L38N_2,UNUSED,,2,,,,,,,,,,
N11,,,VCCO_2,,,2,,,,,2.50,,,,,
N12,,,VCCO_2,,,2,,,,,2.50,,,,,
N13,,,VCCINT,,,,,,,,1.5,,,,,
N14,,,VCCINT,,,,,,,,1.5,,,,,
N15,,,VCCINT,,,,,,,,1.5,,,,,
N16,,,VCCINT,,,,,,,,1.5,,,,,
N17,,,VCCINT,,,,,,,,1.5,,,,,
N18,,,VCCINT,,,,,,,,1.5,,,,,
N19,,,VCCINT,,,,,,,,1.5,,,,,
N20,,,VCCINT,,,,,,,,1.5,,,,,
N21,,,VCCINT,,,,,,,,1.5,,,,,
N22,,,VCCINT,,,,,,,,1.5,,,,,
N23,,,VCCO_7,,,7,,,,,2.50,,,,,
N24,,,VCCO_7,,,7,,,,,2.50,,,,,
N25,,DIFFS,IO_L38N_7,UNUSED,,7,,,,,,,,,,
N26,,DIFFM,IO_L38P_7,UNUSED,,7,,,,,,,,,,
N27,,DIFFS,IO_L41N_7,UNUSED,,7,,,,,,,,,,
N28,,DIFFM,IO_L41P_7,UNUSED,,7,,,,,,,,,,
N29,sram2_addr(16),IOB,IO_L45N_7,OUTPUT,LVCMOS25*,7,12,SLOW,NONE**,,,LOCATED,,YES,NONE,
N30,sram2_addr(17),IOB,IO_L45P_7,OUTPUT,LVCMOS25*,7,12,SLOW,NONE**,,,LOCATED,,YES,NONE,
N31,sram2_addr(18),IOB,IO_L48N_7,OUTPUT,LVCMOS25*,7,12,SLOW,NONE**,,,LOCATED,,YES,NONE,
N32,sram2_addr(19),IOB,IO_L48P_7,OUTPUT,LVCMOS25*,7,12,SLOW,NONE**,,,LOCATED,,NO,NONE,
N33,sram2_we,IOB,IO_L49N_7,OUTPUT,LVCMOS25*,7,12,SLOW,NONE**,,,LOCATED,,YES,NONE,
N34,sram2_bw(0),IOB,IO_L46P_7,OUTPUT,LVCMOS25*,7,12,SLOW,NONE**,,,LOCATED,,YES,NONE,
P1,cpci_debug_data(19),IOB,IO_L55N_2,INPUT,LVCMOS25*,2,,,,NONE,,LOCATED,,YES,NONE,
P2,cpci_debug_data(1),IOB,IO_L49P_2,INPUT,LVCMOS25*,2,,,,NONE,,LOCATED,,YES,NONE,
P3,cpci_debug_data(20),IOB,IO_L52P_2,INPUT,LVCMOS25*,2,,,,NONE,,LOCATED,,YES,NONE,
P4,cpci_debug_data(21),IOB,IO_L52N_2/VREF_2,INPUT,LVCMOS25*,2,,,,NONE,,LOCATED,,YES,NONE,
P5,cpci_debug_data(22),IOB,IO_L51P_2,INPUT,LVCMOS25*,2,,,,NONE,,LOCATED,,YES,NONE,
P6,cpci_debug_data(23),IOB,IO_L51N_2,INPUT,LVCMOS25*,2,,,,NONE,,LOCATED,,YES,NONE,
P7,,DIFFM,IO_L47P_2,UNUSED,,2,,,,,,,,,,
P8,,DIFFS,IO_L47N_2,UNUSED,,2,,,,,,,,,,
P9,,DIFFM,IO_L44P_2,UNUSED,,2,,,,,,,,,,
P10,,DIFFS,IO_L44N_2,UNUSED,,2,,,,,,,,,,
P11,,,VCCO_2,,,2,,,,,2.50,,,,,
P12,,,VCCO_2,,,2,,,,,2.50,,,,,
P13,,,VCCINT,,,,,,,,1.5,,,,,
P14,,,GND,,,,,,,,,,,,,
P15,,,GND,,,,,,,,,,,,,
P16,,,GND,,,,,,,,,,,,,
P17,,,GND,,,,,,,,,,,,,
P18,,,GND,,,,,,,,,,,,,
P19,,,GND,,,,,,,,,,,,,
P20,,,GND,,,,,,,,,,,,,
P21,,,GND,,,,,,,,,,,,,
P22,,,VCCINT,,,,,,,,1.5,,,,,
P23,,,VCCO_7,,,7,,,,,2.50,,,,,
P24,,,VCCO_7,,,7,,,,,2.50,,,,,
P25,,DIFFS,IO_L44N_7,UNUSED,,7,,,,,,,,,,
P26,,DIFFM,IO_L44P_7,UNUSED,,7,,,,,,,,,,
P27,,DIFFS,IO_L47N_7,UNUSED,,7,,,,,,,,,,
P28,sram2_bw(1),IOB,IO_L47P_7,OUTPUT,LVCMOS25*,7,12,SLOW,NONE**,,,LOCATED,,YES,NONE,
P29,sram2_bw(2),IOB,IO_L51N_7,OUTPUT,LVCMOS25*,7,12,SLOW,NONE**,,,LOCATED,,YES,NONE,
P30,sram2_bw(3),IOB,IO_L51P_7,OUTPUT,LVCMOS25*,7,12,SLOW,NONE**,,,LOCATED,,YES,NONE,
P31,sram2_zz,IOB,IO_L52N_7/VREF_7,OUTPUT,LVCMOS25*,7,12,SLOW,NONE**,,,LOCATED,,NO,NONE,
P32,sram2_addr(0),IOB,IO_L52P_7,OUTPUT,LVCMOS25*,7,12,SLOW,NONE**,,,LOCATED,,YES,NONE,
P33,sram2_addr(1),IOB,IO_L49P_7,OUTPUT,LVCMOS25*,7,12,SLOW,NONE**,,,LOCATED,,YES,NONE,
P34,sram2_addr(2),IOB,IO_L55N_7,OUTPUT,LVCMOS25*,7,12,SLOW,NONE**,,,LOCATED,,YES,NONE,
R1,cpci_debug_data(14),IOB,IO_L55P_2,INPUT,LVCMOS25*,2,,,,NONE,,LOCATED,,YES,NONE,
R2,cpci_debug_data(15),IOB,IO_L58N_2/VREF_2,INPUT,LVCMOS25*,2,,,,NONE,,LOCATED,,YES,NONE,
R3,cpci_debug_data(16),IOB,IO_L57P_2,INPUT,LVCMOS25*,2,,,,NONE,,LOCATED,,YES,NONE,
R4,cpci_debug_data(17),IOB,IO_L57N_2,INPUT,LVCMOS25*,2,,,,NONE,,LOCATED,,YES,NONE,
R5,,,VCCO_2,,,2,,,,,2.50,,,,,
R6,cpci_debug_data(18),IOB,IO_L54P_2,INPUT,LVCMOS25*,2,,,,NONE,,LOCATED,,YES,NONE,
R7,,DIFFS,IO_L54N_2,UNUSED,,2,,,,,,,,,,
R8,,,GND,,,,,,,,,,,,,
R9,,DIFFM,IO_L50P_2,UNUSED,,2,,,,,,,,,,
R10,,DIFFS,IO_L50N_2,UNUSED,,2,,,,,,,,,,
R11,,,VCCO_2,,,2,,,,,2.50,,,,,
R12,,,VCCO_2,,,2,,,,,2.50,,,,,
R13,,,VCCINT,,,,,,,,1.5,,,,,
R14,,,GND,,,,,,,,,,,,,
R15,,,GND,,,,,,,,,,,,,
R16,,,GND,,,,,,,,,,,,,
R17,,,GND,,,,,,,,,,,,,
R18,,,GND,,,,,,,,,,,,,
R19,,,GND,,,,,,,,,,,,,
R20,,,GND,,,,,,,,,,,,,
R21,,,GND,,,,,,,,,,,,,
R22,,,VCCINT,,,,,,,,1.5,,,,,
R23,,,VCCO_7,,,7,,,,,2.50,,,,,
R24,,,VCCO_7,,,7,,,,,2.50,,,,,
R25,,DIFFS,IO_L50N_7,UNUSED,,7,,,,,,,,,,
R26,,DIFFM,IO_L50P_7,UNUSED,,7,,,,,,,,,,
R27,,,GND,,,,,,,,,,,,,
R28,sram2_addr(3),IOB,IO_L54N_7,OUTPUT,LVCMOS25*,7,12,SLOW,NONE**,,,LOCATED,,YES,NONE,
R29,sram2_addr(4),IOB,IO_L54P_7,OUTPUT,LVCMOS25*,7,12,SLOW,NONE**,,,LOCATED,,YES,NONE,
R30,,,VCCO_7,,,7,,,,,2.50,,,,,
R31,sram2_addr(5),IOB,IO_L57N_7,OUTPUT,LVCMOS25*,7,12,SLOW,NONE**,,,LOCATED,,YES,NONE,
R32,sram2_addr(7),IOB,IO_L57P_7,OUTPUT,LVCMOS25*,7,12,SLOW,NONE**,,,LOCATED,,YES,NONE,
R33,sram2_addr(6),IOB,IO_L58N_7/VREF_7,OUTPUT,LVCMOS25*,7,12,SLOW,NONE**,,,LOCATED,,YES,NONE,
R34,sram2_data(26),IOB,IO_L55P_7,BIDIR,LVCMOS25*,7,12,SLOW,NONE**,NONE,,LOCATED,,YES,NONE,
T1,,,GND,,,,,,,,,,,,,
T2,cpci_debug_data(0),IOB,IO_L58P_2,INPUT,LVCMOS25*,2,,,,NONE,,LOCATED,,YES,NONE,
T3,cpci_debug_data(10),IOB,IO_L85P_2,INPUT,LVCMOS25*,2,,,,NONE,,LOCATED,,YES,NONE,
T4,cpci_debug_data(11),IOB,IO_L85N_2,INPUT,LVCMOS25*,2,,,,NONE,,LOCATED,,YES,NONE,
T5,cpci_debug_data(12),IOB,IO_L60P_2,INPUT,LVCMOS25*,2,,,,NONE,,LOCATED,,YES,NONE,
T6,cpci_debug_data(13),IOB,IO_L60N_2,INPUT,LVCMOS25*,2,,,,NONE,,LOCATED,,YES,NONE,
T7,,DIFFM,IO_L59P_2,UNUSED,,2,,,,,,,,,,
T8,,DIFFS,IO_L59N_2,UNUSED,,2,,,,,,,,,,
T9,,DIFFM,IO_L56P_2,UNUSED,,2,,,,,,,,,,
T10,,DIFFS,IO_L56N_2,UNUSED,,2,,,,,,,,,,
T11,,DIFFS,IO_L53N_2,UNUSED,,2,,,,,,,,,,
T12,,,VCCO_2,,,2,,,,,2.50,,,,,
T13,,,VCCINT,,,,,,,,1.5,,,,,
T14,,,GND,,,,,,,,,,,,,
T15,,,GND,,,,,,,,,,,,,
T16,,,GND,,,,,,,,,,,,,
T17,,,GND,,,,,,,,,,,,,
T18,,,GND,,,,,,,,,,,,,
T19,,,GND,,,,,,,,,,,,,
T20,,,GND,,,,,,,,,,,,,
T21,,,GND,,,,,,,,,,,,,
T22,,,VCCINT,,,,,,,,1.5,,,,,
T23,,,VCCO_7,,,7,,,,,2.50,,,,,
T24,,DIFFS,IO_L53N_7,UNUSED,,7,,,,,,,,,,
T25,,DIFFS,IO_L56N_7,UNUSED,,7,,,,,,,,,,
T26,,DIFFM,IO_L56P_7,UNUSED,,7,,,,,,,,,,
T27,,DIFFS,IO_L59N_7,UNUSED,,7,,,,,,,,,,
T28,sram2_data(25),IOB,IO_L59P_7,BIDIR,LVCMOS25*,7,12,SLOW,NONE**,NONE,,LOCATED,,YES,NONE,
T29,sram2_data(24),IOB,IO_L60N_7,BIDIR,LVCMOS25*,7,12,SLOW,NONE**,NONE,,LOCATED,,YES,NONE,
T30,sram2_data(23),IOB,IO_L60P_7,BIDIR,LVCMOS25*,7,12,SLOW,NONE**,NONE,,LOCATED,,YES,NONE,
T31,sram2_data(22),IOB,IO_L85N_7,BIDIR,LVCMOS25*,7,12,SLOW,NONE**,NONE,,LOCATED,,YES,NONE,
T32,sram2_data(21),IOB,IO_L85P_7,BIDIR,LVCMOS25*,7,12,SLOW,NONE**,NONE,,LOCATED,,YES,NONE,
T33,sram2_data(20),IOB,IO_L58P_7,BIDIR,LVCMOS25*,7,12,SLOW,NONE**,NONE,,LOCATED,,YES,NONE,
T34,,,GND,,,,,,,,,,,,,
U1,,,VCCAUX,,,,,,,,2.5,,,,,
U2,,DIFFS,IO_L88N_2/VREF_2,UNUSED,,2,,,,,,,,,,
U3,,DIFFM,IO_L90P_2,UNUSED,,2,,,,,,,,,,
U4,,DIFFS,IO_L90N_2,UNUSED,,2,,,,,,,,,,
U5,,DIFFM,IO_L87P_2,UNUSED,,2,,,,,,,,,,
U6,,DIFFS,IO_L87N_2,UNUSED,,2,,,,,,,,,,
U7,,DIFFM,IO_L89P_2,UNUSED,,2,,,,,,,,,,
U8,,DIFFS,IO_L89N_2,UNUSED,,2,,,,,,,,,,
U9,,DIFFM,IO_L86P_2,UNUSED,,2,,,,,,,,,,
U10,,DIFFS,IO_L86N_2,UNUSED,,2,,,,,,,,,,
U11,,DIFFM,IO_L53P_2,UNUSED,,2,,,,,,,,,,
U12,,,VCCO_2,,,2,,,,,2.50,,,,,
U13,,,VCCINT,,,,,,,,1.5,,,,,
U14,,,GND,,,,,,,,,,,,,
U15,,,GND,,,,,,,,,,,,,
U16,,,GND,,,,,,,,,,,,,
U17,,,GND,,,,,,,,,,,,,
U18,,,GND,,,,,,,,,,,,,
U19,,,GND,,,,,,,,,,,,,
U20,,,GND,,,,,,,,,,,,,
U21,,,GND,,,,,,,,,,,,,
U22,,,VCCINT,,,,,,,,1.5,,,,,
U23,,,VCCO_7,,,7,,,,,2.50,,,,,
U24,,DIFFM,IO_L53P_7,UNUSED,,7,,,,,,,,,,
U25,,DIFFS,IO_L86N_7,UNUSED,,7,,,,,,,,,,
U26,,DIFFM,IO_L86P_7,UNUSED,,7,,,,,,,,,,
U27,,DIFFS,IO_L89N_7,UNUSED,,7,,,,,,,,,,
U28,sram2_data(19),IOB,IO_L89P_7,BIDIR,LVCMOS25*,7,12,SLOW,NONE**,NONE,,LOCATED,,YES,NONE,
U29,sram2_data(18),IOB,IO_L87N_7,BIDIR,LVCMOS25*,7,12,SLOW,NONE**,NONE,,LOCATED,,YES,NONE,
U30,sram2_data(27),IOB,IO_L87P_7,BIDIR,LVCMOS25*,7,12,SLOW,NONE**,NONE,,LOCATED,,YES,NONE,
U31,sram2_data(28),IOB,IO_L90N_7,BIDIR,LVCMOS25*,7,12,SLOW,NONE**,NONE,,LOCATED,,YES,NONE,
U32,sram2_data(29),IOB,IO_L90P_7,BIDIR,LVCMOS25*,7,12,SLOW,NONE**,NONE,,LOCATED,,YES,NONE,
U33,sram2_data(30),IOB,IO_L88N_7/VREF_7,BIDIR,LVCMOS25*,7,12,SLOW,NONE**,NONE,,LOCATED,,YES,NONE,
U34,,,VCCAUX,,,,,,,,2.5,,,,,
V1,,,VCCAUX,,,,,,,,2.5,,,,,
V2,,DIFFM,IO_L88P_2,UNUSED,,2,,,,,,,,,,
V3,,DIFFS,IO_L90N_3,UNUSED,,3,,,,,,,,,,
V4,,DIFFM,IO_L90P_3,UNUSED,,3,,,,,,,,,,
V5,,DIFFS,IO_L88N_3,UNUSED,,3,,,,,,,,,,
V6,,DIFFM,IO_L88P_3,UNUSED,,3,,,,,,,,,,
V7,,DIFFS,IO_L89N_3,UNUSED,,3,,,,,,,,,,
V8,,DIFFM,IO_L89P_3,UNUSED,,3,,,,,,,,,,
V9,,DIFFS,IO_L86N_3,UNUSED,,3,,,,,,,,,,
V10,,DIFFM,IO_L86P_3,UNUSED,,3,,,,,,,,,,
V11,,DIFFS,IO_L59N_3,UNUSED,,3,,,,,,,,,,
V12,,,VCCO_3,,,3,,,,,any******,,,,,
V13,,,VCCINT,,,,,,,,1.5,,,,,
V14,,,GND,,,,,,,,,,,,,
V15,,,GND,,,,,,,,,,,,,
V16,,,GND,,,,,,,,,,,,,
V17,,,GND,,,,,,,,,,,,,
V18,,,GND,,,,,,,,,,,,,
V19,,,GND,,,,,,,,,,,,,
V20,,,GND,,,,,,,,,,,,,
V21,,,GND,,,,,,,,,,,,,
V22,,,VCCINT,,,,,,,,1.5,,,,,
V23,,,VCCO_6,,,6,,,,,2.50,,,,,
V24,,DIFFS,IO_L59N_6,UNUSED,,6,,,,,,,,,,
V25,,DIFFM,IO_L86P_6,UNUSED,,6,,,,,,,,,,
V26,,DIFFS,IO_L86N_6,UNUSED,,6,,,,,,,,,,
V27,,DIFFM,IO_L89P_6,UNUSED,,6,,,,,,,,,,
V28,,DIFFS,IO_L89N_6,UNUSED,,6,,,,,,,,,,
V29,sram2_data(31),IOB,IO_L88P_6,BIDIR,LVCMOS25*,6,12,SLOW,NONE**,NONE,,LOCATED,,YES,NONE,
V30,sram2_data(32),IOB,IO_L88N_6,BIDIR,LVCMOS25*,6,12,SLOW,NONE**,NONE,,LOCATED,,YES,NONE,
V31,sram2_data(33),IOB,IO_L90P_6,BIDIR,LVCMOS25*,6,12,SLOW,NONE**,NONE,,LOCATED,,YES,NONE,
V32,sram2_data(34),IOB,IO_L90N_6,BIDIR,LVCMOS25*,6,12,SLOW,NONE**,NONE,,LOCATED,,YES,NONE,
V33,sram2_data(35),IOB,IO_L88P_7,BIDIR,LVCMOS25*,7,12,SLOW,NONE**,NONE,,LOCATED,,YES,NONE,
V34,,,VCCAUX,,,,,,,,2.5,,,,,
W1,,,GND,,,,,,,,,,,,,
W2,,DIFFS,IO_L87N_3/VREF_3,UNUSED,,3,,,,,,,,,,
W3,,DIFFS,IO_L85N_3,UNUSED,,3,,,,,,,,,,
W4,,DIFFM,IO_L85P_3,UNUSED,,3,,,,,,,,,,
W5,,DIFFS,IO_L58N_3,UNUSED,,3,,,,,,,,,,
W6,,DIFFM,IO_L58P_3,UNUSED,,3,,,,,,,,,,
W7,,DIFFS,IO_L56N_3,UNUSED,,3,,,,,,,,,,
W8,,DIFFM,IO_L56P_3,UNUSED,,3,,,,,,,,,,
W9,,DIFFS,IO_L53N_3,UNUSED,,3,,,,,,,,,,
W10,,DIFFM,IO_L53P_3,UNUSED,,3,,,,,,,,,,
W11,,DIFFM,IO_L59P_3,UNUSED,,3,,,,,,,,,,
W12,,,VCCO_3,,,3,,,,,any******,,,,,
W13,,,VCCINT,,,,,,,,1.5,,,,,
W14,,,GND,,,,,,,,,,,,,
W15,,,GND,,,,,,,,,,,,,
W16,,,GND,,,,,,,,,,,,,
W17,,,GND,,,,,,,,,,,,,
W18,,,GND,,,,,,,,,,,,,
W19,,,GND,,,,,,,,,,,,,
W20,,,GND,,,,,,,,,,,,,
W21,,,GND,,,,,,,,,,,,,
W22,,,VCCINT,,,,,,,,1.5,,,,,
W23,,,VCCO_6,,,6,,,,,2.50,,,,,
W24,,DIFFM,IO_L59P_6,UNUSED,,6,,,,,,,,,,
W25,,DIFFM,IO_L53P_6,UNUSED,,6,,,,,,,,,,
W26,,DIFFS,IO_L53N_6,UNUSED,,6,,,,,,,,,,
W27,,DIFFM,IO_L56P_6,UNUSED,,6,,,,,,,,,,
W28,,DIFFS,IO_L56N_6,UNUSED,,6,,,,,,,,,,
W29,sram1_data(8),IOB,IO_L58P_6,BIDIR,LVCMOS25*,6,12,SLOW,NONE**,NONE,,LOCATED,,YES,NONE,
W30,sram1_data(7),IOB,IO_L58N_6,BIDIR,LVCMOS25*,6,12,SLOW,NONE**,NONE,,LOCATED,,YES,NONE,
W31,sram1_data(6),IOB,IO_L85P_6,BIDIR,LVCMOS25*,6,12,SLOW,NONE**,NONE,,LOCATED,,YES,NONE,
W32,sram1_data(5),IOB,IO_L85N_6,BIDIR,LVCMOS25*,6,12,SLOW,NONE**,NONE,,LOCATED,,YES,NONE,
W33,sram1_data(4),IOB,IO_L87N_6/VREF_6,BIDIR,LVCMOS25*,6,12,SLOW,NONE**,NONE,,LOCATED,,YES,NONE,
W34,,,GND,,,,,,,,,,,,,
Y1,,DIFFS,IO_L60N_3,UNUSED,,3,,,,,,,,,,
Y2,,DIFFM,IO_L87P_3,UNUSED,,3,,,,,,,,,,
Y3,,DIFFS,IO_L57N_3/VREF_3,UNUSED,,3,,,,,,,,,,
Y4,,DIFFM,IO_L57P_3,UNUSED,,3,,,,,,,,,,
Y5,,,VCCO_3,,,3,,,,,any******,,,,,
Y6,,DIFFS,IO_L55N_3,UNUSED,,3,,,,,,,,,,
Y7,,DIFFM,IO_L55P_3,UNUSED,,3,,,,,,,,,,
Y8,,,GND,,,,,,,,,,,,,
Y9,,DIFFS,IO_L50N_3,UNUSED,,3,,,,,,,,,,
Y10,,DIFFM,IO_L50P_3,UNUSED,,3,,,,,,,,,,
Y11,,,VCCO_3,,,3,,,,,any******,,,,,
Y12,,,VCCO_3,,,3,,,,,any******,,,,,
Y13,,,VCCINT,,,,,,,,1.5,,,,,
Y14,,,GND,,,,,,,,,,,,,
Y15,,,GND,,,,,,,,,,,,,
Y16,,,GND,,,,,,,,,,,,,
Y17,,,GND,,,,,,,,,,,,,
Y18,,,GND,,,,,,,,,,,,,
Y19,,,GND,,,,,,,,,,,,,
Y20,,,GND,,,,,,,,,,,,,
Y21,,,GND,,,,,,,,,,,,,
Y22,,,VCCINT,,,,,,,,1.5,,,,,
Y23,,,VCCO_6,,,6,,,,,2.50,,,,,
Y24,,,VCCO_6,,,6,,,,,2.50,,,,,
Y25,,DIFFM,IO_L50P_6,UNUSED,,6,,,,,,,,,,
Y26,,DIFFS,IO_L50N_6,UNUSED,,6,,,,,,,,,,
Y27,,,GND,,,,,,,,,,,,,
Y28,,DIFFM,IO_L55P_6,UNUSED,,6,,,,,,,,,,
Y29,,DIFFS,IO_L55N_6,UNUSED,,6,,,,,,,,,,
Y30,,,VCCO_6,,,6,,,,,2.50,,,,,
Y31,sram1_data(3),IOB,IO_L57P_6,BIDIR,LVCMOS25*,6,12,SLOW,NONE**,NONE,,LOCATED,,YES,NONE,
Y32,sram1_data(2),IOB,IO_L57N_6/VREF_6,BIDIR,LVCMOS25*,6,12,SLOW,NONE**,NONE,,LOCATED,,YES,NONE,
Y33,sram1_data(1),IOB,IO_L87P_6,BIDIR,LVCMOS25*,6,12,SLOW,NONE**,NONE,,LOCATED,,YES,NONE,
Y34,sram1_data(0),IOB,IO_L60N_6,BIDIR,LVCMOS25*,6,12,SLOW,NONE**,NONE,,LOCATED,,YES,NONE,

# -----,-----,-----,-----,-----,-----,-----,-----,-----,-----,-----,-----,-----,-----,-----,-----,
# 
#* Default value.
#** This default Pullup/Pulldown value can be overridden in Bitgen. 
#****** Special VCCO requirements may apply. Please consult the device 
#       family datasheet for specific guideline on VCCO requirements. 
#
#
#